aid,url,type,gender
Kate McKinnon,/Cast/?KaMc,cast,female
Alex Moffat,/Cast/?AlMo,cast,male
Ego Nwodim,/Cast/?EgNw,cast,unknown
Chris Redd,/Cast/?ChRe,cast,male
Kenan Thompson,/Cast/?KeTh,cast,male
Carey Mulligan,/Guests/?3677,guest,andy
Marcus Mumford,/Guests/?3679,guest,male
Aidy Bryant,/Cast/?AiBr,cast,female
Steve Higgins,/Crew/?StHi,crew,male
Mikey Day,/Cast/?MiDa,cast,male
Heidi Gardner,/Cast/?HeGa,cast,female
Lauren Holt,/Cast/?LaHo,cast,female
Kid Cudi,/Guests/?3678,guest,unknown
Timothee Chalamet,/Guests/?3680,guest,unknown
Pete Davidson,/Cast/?PeDa,cast,male
Chloe Fineman,/Cast/?ChFi,cast,female
Darrell Hammond,/Cast/?DaHa,cast,male
Colin Jost,/Cast/?CoJo,cast,male
Michael Che,/Cast/?MiCh,cast,male
Beck Bennett,/Cast/?BeBe,cast,male
Punkie Johnson,/Cast/?PuJo,cast,unknown
Bowen Yang,/Cast/?BoYa,cast,male
Andrew Dismukes,/Cast/?AnDi,cast,male
Kyle Mooney,/Cast/?KyMo,cast,male
Cecily Strong,/Cast/?CeSt,cast,female
Daniel Kaluuya,/Guests/?3675,guest,male
St. Vincent,/Guests/?3676,guest,unknown
Maya Rudolph,/Cast/?MaRu,cast,female
Melissa Villasenor,/Cast/?MeVi,cast,female
Martin Short,/Cast/?MaSh,cast,male
Jack Harlow,/Guests/?3670,guest,male
Adam Levine,/Guests/?3671,guest,male
Rachel Dratch,/Cast/?RaDr,cast,female
Tina Fey,/Cast/?TiFe,cast,female
Nick Jonas,/Guests/?3667,guest,male
Kevin Jonas,/Guests/?3668,guest,male
Rege-Jean Page,/Guests/?3664,guest,unknown
Bad Bunny,/Guests/?3665,guest,unknown
Rosalia,/Guests/?3666,guest,female
Regina King,/Guests/?3661,guest,female
Nathaniel Rateliff,/Guests/?3662,guest,male
The Night Sweats,/Guests/?3663,guest,female
Dan Levy,/Guests/?3658,guest,male
Eugene Levy,/Guests/?3660,guest,male
Phoebe Bridgers,/Guests/?3659,guest,female
John Krasinski,/Guests/?3656,guest,male
Machine Gun Kelly,/Guests/?3657,guest,unknown
Kristen Wiig,/Cast/?KrWi,cast,female
Dua Lipa,/Guests/?3654,guest,unknown
Nicole Flender,/Guests/?3650,guest,female
Jimmy Fallon,/Cast/?JiFa,cast,male
Bruce Springsteen & The E Street Band,/Guests/?3649,guest,male
Questlove,/Guests/?3651,guest,unknown
Jason Bateman,/Guests/?3645,guest,male
Eminem,/Guests/?3647,guest,unknown
Morgan Wallen,/Guests/?3646,guest,male
Alec Baldwin,/Guests/?3642,guest,male
Jim Carrey,/Guests/?3643,guest,male
Dave Chappelle,/Guests/?3640,guest,male
Foo Fighters,/Guests/?3641,guest,unknown
John Mulaney,/Crew/?JoMu,crew,male
The Strokes,/Guests/?3637,guest,female
Adele,/Guests/?3631,guest,female
H.E.R.,/Guests/?3632,guest,unknown
Issa Rae,/Guests/?3624,guest,male
Justin Bieber,/Guests/?3625,guest,male
Chance the Rapper,/Guests/?3629,guest,male
Benny Blanco,/Guests/?3627,guest,male
Bill Burr,/Guests/?3619,guest,male
Jason Momoa,/Guests/?3623,guest,male
Jack White,/Guests/?3620,guest,male
Harry Styles,/Guests/?3618,guest,male
Chris Rock,/Cast/?ChRo,cast,male
Megan Thee Stallion,/Guests/?3613,guest,female
Young Thug,/Guests/?3617,guest,female
Gary Richardson,/Crew/?GaRi,crew,male
Amy Davidson,/Guests/?3607,guest,female
Josh Gad,/Guests/?3609,guest,male
Bryan Tucker,/Crew/?BrTu,crew,male
Danny Trejo,/Guests/?3611,guest,male
Babyface,/Guests/?3604,guest,unknown
Boyz II Men,/Guests/?3606,guest,unknown
Brad Pitt,/Guests/?3595,guest,male
Charles Barkley,/Guests/?3590,guest,male
DJ Khaled,/Guests/?3594,guest,unknown
Fred Armisen,/Cast/?FrAr,cast,male
Jason Sudeikis,/Cast/?JaSu,cast,male
Adam Sandler,/Cast/?AdSa,cast,male
Casey Davidson,/Guests/?3593,guest,andy
Jackie Sandler,/Guests/?3598,guest,andy
Rob Schneider,/Cast/?RoSc,cast,male
Sadie Sandler,/Guests/?3599,guest,female
Sunny Sandler,/Guests/?3600,guest,male
Miley Cyrus,/Guests/?3591,guest,unknown
Paul Rudd,/Guests/?3596,guest,male
Tom Hanks,/Guests/?3572,guest,male
Larry David,/Crew/?LaDa,crew,male
Chris Martin,/Guests/?3573,guest,male
Amy Poehler,/Cast/?AmPo,cast,female
Ana Gasteyer,/Cast/?AnGa,cast,female
Bill Hader,/Cast/?BiHa,cast,male
Emily Spivey,/Crew/?EmSp,crew,female
Molly Shannon,/Cast/?MoSh,cast,female
Paula Pell,/Crew/?PaPe,crew,female
Hal Willner,/Crew/?HaWi,crew,male
Elizabeth Warren,/Guests/?3571,guest,female
Daniel Craig,/Guests/?3568,guest,male
The Weeknd,/Guests/?3569,guest,male
Justin Theroux,/Guests/?3567,guest,male
Lorne Michaels,/Crew/?LoMi,crew,male
David Byrne,/Guests/?3562,guest,male
Jake Gyllenhaal,/Guests/?3566,guest,male
RuPaul,/Guests/?3555,guest,female
Quavo,/Guests/?3559,guest,unknown
J.J. Watt,/Guests/?3552,guest,unknown
Luke Combs,/Guests/?3553,guest,male
Adam Driver,/Guests/?3549,guest,male
Jon Lovitz,/Cast/?JoLo,cast,male
Halsey,/Guests/?3550,guest,unknown
Eddie Murphy,/Cast/?EdMu,cast,male
Tracy Morgan,/Cast/?TrMo,cast,male
Lizzo,/Guests/?3538,guest,unknown
Usher,/Guests/?3548,guest,unknown
Scarlett Johansson,/Guests/?3535,guest,female
Niall Horan,/Guests/?3536,guest,male
James Corden,/Guests/?3529,guest,male
Jennifer Lopez,/Guests/?3526,guest,female
The Rockettes,/Guests/?3532,guest,female
Alex Rodriguez,/Guests/?3534,guest,male
DaBaby,/Guests/?3527,guest,unknown
Jabbawockeez,/Guests/?3531,guest,unknown
Will Ferrell,/Cast/?WiFe,cast,male
Ryan Reynolds,/Guests/?3524,guest,male
Woody Harrelson,/Guests/?3522,guest,male
King Princess,/Guests/?3517,guest,male
Jon Hamm,/Guests/?3515,guest,male
Bill Corsair,/Crew/?BiCo,crew,male
Kristen Stewart,/Guests/?3512,guest,female
Coldplay,/Guests/?3513,guest,unknown
Billy Porter,/Guests/?3506,guest,male
Lin-Manuel Miranda,/Guests/?3505,guest,male
David Harbour,/Guests/?3502,guest,male
Camila Cabello,/Guests/?3503,guest,female
Matthew Broderick,/Guests/?3501,guest,male
Phoebe Waller-Bridge,/Guests/?3499,guest,female
Taylor Swift,/Guests/?3500,guest,female
Lenny Pickett,/Crew/?LePi,crew,male
Liev Schreiber,/Guests/?3498,guest,unknown
Billie Eilish,/Guests/?3493,guest,female
Finneas,/Guests/?3496,guest,unknown
Robert DeNiro,/Guests/?3482,guest,male
Jacob Anderson,/Guests/?3489,guest,male
Jane Fonda,/Guests/?3490,guest,female
Lily Tomlin,/Guests/?3491,guest,female
Big Sean,/Guests/?3481,guest,unknown
J Balvin,/Guests/?3480,guest,unknown
Jeremih,/Guests/?3483,guest,unknown
Lil Baby,/Guests/?3485,guest,female
Lil Wayne,/Guests/?3486,guest,male
Meek Mill,/Guests/?3487,guest,unknown
Leslie Jones,/Cast/?LeJo,cast,female
John Legend,/Guests/?3484,guest,male
Sza,/Guests/?3488,guest,unknown
Emma Thompson,/Guests/?3471,guest,female
Jonas Brothers,/Guests/?3472,guest,male
Shawn Mendes,/Guests/?3466,guest,male
Allen Covert,/Guests/?3467,guest,male
Michael Keaton,/Guests/?3462,guest,male
Emma Stone,/Guests/?3460,guest,female
Gena Rositano,/Crew/?GeRo,crew,female
BTS,/Guests/?3461,guest,unknown
Pablo Thomas,/Guests/?3463,guest,male
Ty Mitchell,/Guests/?3464,guest,male
Kit Harington,/Guests/?3452,guest,male
Emilia Clarke,/Guests/?3455,guest,female
John Bradley,/Guests/?3454,guest,male
Rose Leslie,/Guests/?3456,guest,female
Ice-T,/Guests/?3458,guest,unknown
Mariska Hargitay,/Guests/?3459,guest,female
Sara Bareilles,/Guests/?3453,guest,female
Sandra Oh,/Guests/?3448,guest,female
Tame Impala,/Guests/?3449,guest,unknown
Idris Elba,/Guests/?3445,guest,male
Khalid,/Guests/?3446,guest,male
Gwyneth Paltrow,/Guests/?3447,guest,female
Ben Stiller,/Cast/?BeSt,cast,male
Thomas Rhett,/Guests/?3442,guest,male
Don Cheadle,/Guests/?3438,guest,male
Gary Clark Jr.,/Guests/?3439,guest,male
Steve Martin,/Guests/?3436,guest,male
James McAvoy,/Guests/?3433,guest,male
Fabolous,/Guests/?3435,guest,unknown
Rachel Brosnahan,/Guests/?3429,guest,female
Greta Van Fleet,/Guests/?3430,guest,female
Matt Damon,/Guests/?3422,guest,male
Mark Ronson,/Guests/?3423,guest,male
Sean Lennon,/Guests/?3427,guest,male
Mumford & Sons,/Guests/?3420,guest,unknown
Claire Foy,/Guests/?3413,guest,female
Anderson .Paak,/Guests/?3414,guest,male
Kendrick Lamar,/Guests/?3417,guest,male
Steve Carell,/Guests/?3405,guest,male
Annie Carell,/Guests/?3407,guest,female
Ed Helms,/Guests/?3410,guest,male
Ellie Kemper,/Guests/?3411,guest,female
Jenna Fischer,/Guests/?3409,guest,female
Johnny Carell,/Guests/?3408,guest,male
Nancy Walls,/Cast/?NaWa,cast,female
Ella Mai,/Guests/?3406,guest,female
Future,/Guests/?3404,guest,unknown
Dan Crenshaw,/Guests/?3400,guest,male
Swizz Beatz,/Guests/?3403,guest,unknown
Jonah Hill,/Guests/?3393,guest,male
Candice Bergen,/Guests/?3396,guest,female
Drew Barrymore,/Guests/?3395,guest,female
Maggie Rogers,/Guests/?3394,guest,female
Seth Meyers,/Cast/?SeMe,cast,male
Paul Simon,/Guests/?3389,guest,male
yMusic,/Guests/?3391,guest,unknown
Al Gore,/Guests/?3392,guest,male
Awkwafina,/Guests/?3384,guest,unknown
Travis Scott,/Guests/?3385,guest,male
John Mayer,/Guests/?3386,guest,male
Kevin Parker,/Guests/?3387,guest,male
Wendy Williams,/Guests/?3383,guest,female
Kanye West,/Guests/?3375,guest,male
Lil Pump,/Guests/?3380,guest,female
Adele Givens,/Guests/?3382,guest,female
Teyana Taylor,/Guests/?3381,guest,unknown
070 Shake,/Guests/?3378,guest,unknown
Anne Hathaway,/Guests/?3365,guest,female
Benedict Cumberbatch,/Guests/?3361,guest,male
Donald Glover,/Guests/?3363,guest,male
Jerry Seinfeld,/Guests/?3369,guest,male
Casey Nicholaw,/Guests/?3372,guest,andy
Jeff Richmond,/Crew/?JfRi,crew,male
Nicki Minaj,/Guests/?3358,guest,female
Luke Null,/Cast/?LuNu,cast,male
John Goodman,/Guests/?3364,guest,male
Playboi Carti,/Guests/?3367,guest,unknown
Cindy Null,/Guests/?3353,guest,female
Elizabeth Thompson,/Guests/?3355,guest,female
Georganne Bryant,/Guests/?3347,guest,unknown
Kerry Kelly,/Guests/?3350,guest,female
Linda Mooney,/Guests/?3352,guest,female
Lupe Villasenor,/Guests/?3356,guest,female
Margaret Redd,/Guests/?3354,guest,female
Sarah Bennett,/Guests/?3346,guest,female
Sylvia Day,/Guests/?3349,guest,female
Amy Schumer,/Guests/?3344,guest,female
Kacey Musgraves,/Guests/?3345,guest,female
Melissa McCarthy,/Guests/?3351,guest,female
Stormy Daniels,/Guests/?3337,guest,female
Stacey Foster,/Crew/?StFo,crew,female
A$AP Rocky,/Guests/?3335,guest,unknown
Childish Gambino,/Guests/?3334,guest,unknown
Zoe Kravitz,/Guests/?3341,guest,female
Nasim Pedrad,/Cast/?NaPe,cast,female
Chadwick Boseman,/Guests/?3325,guest,male
Cardi B,/Guests/?3326,guest,unknown
Sudi Green,/Crew/?SuGr,crew,unknown
Donna Richards,/Crew/?DoRi,crew,female
Arcade Fire,/Guests/?3321,guest,male
Sterling K. Brown,/Guests/?3317,guest,male
James Bay,/Guests/?3318,guest,male
Vanessa Bayer,/Cast/?VaBa,cast,female
Migos,/Guests/?3313,guest,unknown
Hilary Knight,/Guests/?3315,guest,female
Natalie Portman,/Guests/?3306,guest,female
Andy Samberg,/Cast/?AnSa,cast,male
Chris Stapleton,/Guests/?3303,guest,male
Sturgill Simpson,/Guests/?3304,guest,unknown
Jessica Chastain,/Guests/?3299,guest,female
Method Man,/Guests/?3301,guest,unknown
Akira Yoshimura,/Crew/?AkYo,crew,male
Troye Sivan,/Guests/?3300,guest,unknown
Bill Murray,/Cast/?BiMu,cast,male
Sam Rockwell,/Guests/?3293,guest,male
Stanley Tucci,/Guests/?3298,guest,male
G-Eazy,/Guests/?3296,guest,unknown
Kevin Hart,/Guests/?3289,guest,male
James Franco,/Guests/?3283,guest,male
Seth Rogen,/Guests/?3288,guest,male
Dave Franco,/Guests/?3285,guest,male
Saoirse Ronan,/Guests/?3278,guest,female
Greta Gerwig,/Guests/?3282,guest,female
U2,/Guests/?3279,guest,unknown
John McEnroe,/Guests/?3281,guest,male
Skylar Grey,/Guests/?3275,guest,andy
Common,/Guests/?3276,guest,unknown
Tiffany Haddish,/Guests/?3269,guest,female
Liam Hemsworth,/Guests/?3267,guest,male
George Springer,/Guests/?3268,guest,male
Alex Bregman,/Guests/?3266,guest,male
Jose Altuve,/Guests/?3264,guest,male
Kumail Nanjiani,/Guests/?3259,guest,unknown
Pink,/Guests/?3260,guest,unknown
Jason Aldean,/Guests/?3258,guest,male
Gal Gadot,/Guests/?3256,guest,male
Sam Smith,/Guests/?3257,guest,male
Ryan Gosling,/Guests/?3251,guest,male
Jay-Z,/Guests/?3252,guest,unknown
Damian Marley,/Guests/?3254,guest,male
Dwayne Johnson,/Guests/?3240,guest,male
Sasheer Zamata,/Cast/?SaZa,cast,female
Bobby Moynihan,/Cast/?BoMo,cast,male
Katy Perry,/Guests/?3241,guest,female
HAIM,/Guests/?3235,guest,unknown
Blake Lively,/Guests/?3237,guest,female
Ken Aymong,/Crew/?KeAy,crew,male
Chris Pine,/Guests/?3232,guest,male
LCD Soundsystem,/Guests/?3233,guest,unknown
Nile Rodgers,/Guests/?3231,guest,male
Louis C.K.,/Guests/?3222,guest,male
The Chainsmokers,/Guests/?3223,guest,female
Emily Warren,/Guests/?3225,guest,female
Lorde,/Guests/?3219,guest,female
Jack Antonoff,/Guests/?3220,guest,male
Octavia Spencer,/Guests/?3216,guest,female
Father John Misty,/Guests/?3217,guest,unknown
Ed Sheeran,/Guests/?3213,guest,male
Alessia Cara,/Guests/?3209,guest,female
Aziz Ansari,/Guests/?3206,guest,male
Felicity Jones,/Guests/?3202,guest,female
Casey Affleck,/Guests/?3195,guest,andy
Darryl McDaniels,/Guests/?3201,guest,male
Danielle Flora,/Crew/?DaFl,crew,female
Noname,/Guests/?3200,guest,unknown
Bryan Cranston,/Guests/?3194,guest,male
John Cena,/Guests/?3192,guest,male
Maren Morris,/Guests/?3193,guest,female
Jennifer Aniston,/Guests/?3190,guest,female
Will Forte,/Cast/?WiFo,cast,male
The xx,/Guests/?3183,guest,female
Donnell Rawlings,/Guests/?3181,guest,male
A Tribe Called Quest,/Guests/?3177,guest,unknown
Busta Rhymes,/Guests/?3178,guest,unknown
Consequence,/Guests/?3179,guest,unknown
Anthony Rizzo,/Guests/?3173,guest,male
David Ross,/Guests/?3174,guest,male
Dexter Fowler,/Guests/?3171,guest,male
Solange,/Guests/?3168,guest,female
Dana Carvey,/Cast/?DaCa,cast,male
Sampha,/Guests/?3175,guest,unknown
Lady Gaga,/Guests/?3164,guest,unknown
Emily Blunt,/Guests/?3160,guest,female
Bruno Mars,/Guests/?3161,guest,male
Twenty One Pilots,/Guests/?3156,guest,unknown
Margot Robbie,/Guests/?3151,guest,female
Taran Killam,/Cast/?TaKi,cast,male
Jay Pharoah,/Cast/?JaPh,cast,male
Jon Rudnitsky,/Cast/?JoRu,cast,male
Courtney Barnett,/Guests/?3145,guest,female
Carrie Brownstein,/Guests/?3146,guest,female
Drake,/Guests/?3142,guest,male
Phil Hartman,/Cast/?PhHa,cast,male
Brie Larson,/Guests/?3136,guest,female
Heather Desaulniers,/Guests/?3141,guest,female
Laura Campbell,/Guests/?3138,guest,female
Alicia Keys,/Guests/?3137,guest,female
Julia Louis-Dreyfus,/Cast/?JuLD,cast,female
Tony Hale,/Guests/?3134,guest,male
Tove Lo,/Guests/?3135,guest,female
Russell Crowe,/Guests/?3127,guest,male
Al Sharpton,/Guests/?3129,guest,male
Margo Price,/Guests/?3128,guest,female
Mike O'Brien,/Cast/?MPOB,cast,male
Peter Dinklage,/Guests/?3125,guest,male
Gwen Stefani,/Guests/?3126,guest,female
Ariana Grande,/Guests/?3123,guest,female
El DeBarge,/Guests/?3110,guest,female
Kelly Price,/Guests/?3113,guest,female
Kirk Franklin,/Guests/?3111,guest,male
The-Dream,/Guests/?3114,guest,unknown
Von Miller,/Guests/?3112,guest,unknown
Al Roker,/Guests/?3118,guest,male
Dylan Dreyer,/Guests/?3116,guest,male
Natalie Morales,/Guests/?3117,guest,female
Bernie Sanders,/Guests/?3104,guest,male
The 1975,/Guests/?3103,guest,female
Owen Wilson,/Guests/?3106,guest,male
Ronda Rousey,/Guests/?3099,guest,female
Selena Gomez,/Guests/?3100,guest,female
Wally Feresten,/Crew/?WaFe,crew,male
Gayle King,/Guests/?3094,guest,female
Paul McCartney,/Guests/?3091,guest,male
Chris Hemsworth,/Guests/?3084,guest,male
Mike Myers,/Cast/?MiMy,cast,male
Leon Bridges,/Guests/?3082,guest,male
Matthew McConaughey,/Guests/?3073,guest,male
Daisy Ridley,/Guests/?3079,guest,female
J.J. Abrams,/Guests/?3075,guest,unknown
John Boyega,/Guests/?3076,guest,male
Michael Buble,/Guests/?3077,guest,male
Elizabeth Banks,/Guests/?3069,guest,female
Don Roy King,,unknown,male
Disclosure,/Guests/?3070,guest,unknown
Donald Trump,/Guests/?3064,guest,male
Ivanka Trump,/Guests/?3067,guest,female
Sia,/Guests/?3065,guest,female
Jack McBrayer,/Guests/?3063,guest,male
Jane Krakowski,/Guests/?3062,guest,female
Demi Lovato,/Guests/?3058,guest,female
Hillary Clinton,/Guests/?3052,guest,female
The Flaming Lips,/Guests/?3053,guest,female
Rihanna,/Guests/?3050,guest,female
Reese Witherspoon,/Guests/?3035,guest,female
Betty Witherspoon,/Guests/?3048,guest,female
Carolyn Bayer,/Guests/?3037,guest,female
Ivory Steward,/Guests/?3045,guest,male
Julie Moynihan,/Guests/?3044,guest,female
Penny Strong,/Guests/?3046,guest,female
Ramona Farrow,/Guests/?3042,guest,female
Florence + The Machine,/Guests/?3036,guest,female
Wiz Khalifa,/Guests/?3033,guest,unknown
Charlie Puth,/Guests/?3034,guest,male
Taraji P. Henson,/Guests/?3027,guest,female
Nikolaj Coster-Waldau,/Guests/?3030,guest,male
Billy Crystal,/Cast/?BiCr,cast,male
Jim Henson's Muppets,/Guests/?3031,guest,male
Carly Rae Jepsen,/Guests/?3025,guest,female
Norman Reedus,/Guests/?3026,guest,male
George Ezra,/Guests/?3023,guest,male
Luke Hemsworth,/Guests/?3021,guest,male
Zac Brown Band,/Guests/?3018,guest,unknown
Chris Cornell,/Guests/?3019,guest,male
Dakota Johnson,/Guests/?3013,guest,female
Don Johnson,/Guests/?3016,guest,male
Melanie Griffith,/Guests/?3015,guest,female
Alabama Shakes,/Guests/?3014,guest,unknown
J.K. Simmons,/Guests/?3009,guest,unknown
D'Angelo,/Guests/?3010,guest,unknown
Blake Shelton,/Guests/?3008,guest,male
Kent Sublette,/Crew/?KeSl,crew,male
Amy Adams,/Guests/?3001,guest,female
Liam Payne,,unknown,male
Louis Tomlinson,,unknown,male
Zayn Malik,,unknown,male
One Direction,/Guests/?3002,guest,female
Martin Freeman,/Guests/?2999,guest,male
Charli XCX,/Guests/?3000,guest,unknown
Cameron Diaz,/Guests/?2991,guest,female
Mystikal,/Guests/?2994,guest,unknown
Jennifer Lawrence,/Guests/?2989,guest,female
Josh Hutcherson,/Guests/?2986,guest,male
Uzo Aduba,/Guests/?2990,guest,female
Chantal Kreviazuk,/Guests/?2988,guest,female
Jay Rock,/Guests/?2987,guest,male
Prince,/Guests/?2981,guest,male
3RDEYEGIRL,/Guests/?2982,guest,unknown
Jeff Daniels,/Guests/?2977,guest,male
Iggy Azalea,/Guests/?2976,guest,unknown
Rita Ora,/Guests/?2979,guest,female
MO,/Guests/?2978,guest,unknown
Harvey Fierstein,/Guests/?2973,guest,male
Hozier,/Guests/?2972,guest,male
Sarah Silverman,/Cast/?SaSi,cast,female
Maroon 5,/Guests/?2970,guest,male
Chris Pratt,/Guests/?2965,guest,male
Anna Faris,/Guests/?2967,guest,female
Lil Jon,/Guests/?2962,guest,male
John Milhiser,/Cast/?JoMi,cast,male
Noel Wells,/Cast/?NoWe,cast,female
Brooks Wheelan,/Cast/?BrWh,cast,male
Don Pardo,/Crew/?DoPa,crew,male
Pharrell Williams,/Guests/?2964,guest,unknown
Tatiana Maslany,/Guests/?2963,guest,female
Akiva Schaffer,/Crew/?AkSc,crew,male
Jorma Taccone,/Crew/?JoTa,crew,male
2 Chainz,/Guests/?2954,guest,unknown
Charlize Theron,/Guests/?2949,guest,female
The Black Keys,/Guests/?2950,guest,female
Barbara Walters,/Guests/?2951,guest,female
Andrew Garfield,/Guests/?2944,guest,male
Kiefer Sutherland,/Guests/?2948,guest,male
Mary Lynn Rajskub,/Guests/?2947,guest,female
Zooey Deschanel,/Guests/?2941,guest,unknown
Anna Kendrick,/Guests/?2935,guest,female
Icona Pop,/Guests/?2938,guest,unknown
Hans Zimmer,/Guests/?2937,guest,male
Liam Neeson,/Guests/?2932,guest,male
Lena Dunham,/Guests/?2928,guest,female
The National,/Guests/?2929,guest,female
Jim Parsons,/Guests/?2925,guest,male
Beck,/Guests/?2926,guest,male
James Anderson,/Crew/?JaAn,crew,male
Imagine Dragons,/Guests/?2919,guest,unknown
Leonardo DiCaprio,/Guests/?2916,guest,male
Bastille,/Guests/?2915,guest,unknown
Michael Cera,/Guests/?2917,guest,male
Jhene Aiko,/Guests/?2913,guest,unknown
Justin Timberlake,/Guests/?2906,guest,male
Barry Gibb,/Guests/?2908,guest,male
Madonna,/Guests/?2909,guest,female
Michael Bloomberg,/Guests/?2907,guest,male
Caleb Followill,,unknown,male
Jared Followill,,unknown,male
Matthew Followill,,unknown,male
Nathan Followill,,unknown,male
Sylvester Stallone,/Guests/?2903,guest,male
Kings of Leon,/Guests/?2901,guest,unknown
Wale,/Guests/?2904,guest,unknown
David Koechner,/Cast/?DaKo,cast,male
R. Kelly,/Guests/?2890,guest,unknown
Kerry Washington,/Guests/?2884,guest,female
Rick Rubin,/Guests/?2887,guest,male
Edward Norton,/Guests/?2880,guest,male
Janelle Monae,/Guests/?2881,guest,female
Bruce Willis,/Guests/?2877,guest,male
Aaron Paul,/Guests/?2879,guest,male
Regine Chassagne,,unknown,female
William Butler,,unknown,male
Win Butler,,unknown,andy
Ben Affleck,/Guests/?2862,guest,male
Jennifer Garner,/Guests/?2865,guest,female
Anderson Cooper,/Guests/?2872,guest,male
Tim Robinson,/Cast/?TiRo,cast,male
Aimee Mann,/Guests/?2867,guest,female
J. Mascis,/Guests/?2868,guest,unknown
Kim Gordon,/Guests/?2866,guest,female
Michael Penn,/Guests/?2869,guest,male
Steve Jones,/Guests/?2871,guest,male
Jim Downey,/Cast/?JiDo,cast,male
John Solomon,/Crew/?JoSo,crew,male
Vampire Weekend,/Guests/?2859,guest,unknown
Zach Galifianakis,/Guests/?2852,guest,male
Bradley Cooper,/Guests/?2854,guest,male
Of Monsters And Men,/Guests/?2853,guest,unknown
Vince Vaughn,/Guests/?2849,guest,male
Miguel,/Guests/?2850,guest,male
Dennis Rodman,/Guests/?2848,guest,male
Phoenix,/Guests/?2846,guest,andy
Chevy Chase,/Cast/?ChCh,cast,male
Dan Aykroyd,/Cast/?DaAy,cast,male
Adam Epstein,,unknown,male
Macklemore,/Guests/?2830,guest,unknown
Ryan Lewis,/Guests/?2831,guest,male
Wanz,/Guests/?2833,guest,unknown
Ray Dalton,/Guests/?2832,guest,male
Christoph Waltz,/Guests/?2827,guest,male
Whoopi Goldberg,/Guests/?2826,guest,female
Danny McBride,/Guests/?2824,guest,male
Mickey Madden,/Guests/?2821,guest,male
The Lumineers,/Guests/?2817,guest,female
The New York City Children's Chorus,/Guests/?2810,guest,female
Paul Shaffer,/Cast/?PaSh,cast,male
Samuel L. Jackson,/Guests/?2809,guest,male
Joe Walsh,/Guests/?2814,guest,male
Dave Grohl,/Guests/?2807,guest,male
Krist Novoselic,/Guests/?2811,guest,male
Pat Smear,/Guests/?2813,guest,andy
Jamie Foxx,/Guests/?2796,guest,male
Ne-Yo,/Guests/?2797,guest,unknown
Dermot Mulroney,/Guests/?2800,guest,male
Charlie Day,/Guests/?2799,guest,male
Jeremy Renner,/Guests/?2793,guest,male
Chris Christie,/Guests/?2795,guest,male
Fun.,/Guests/?2790,guest,unknown
Usain Bolt,/Guests/?2786,guest,unknown
Christina Applegate,/Guests/?2784,guest,female
Passion Pit,/Guests/?2785,guest,unknown
Chris Parnell,/Cast/?ChPa,cast,male
Muse,/Guests/?2781,guest,unknown
Big Bird,,unknown,unknown
Joseph Gordon-Levitt,/Guests/?2778,guest,male
Seth MacFarlane,/Guests/?2774,guest,male
Psy,/Guests/?2777,guest,unknown
Frank Ocean,/Guests/?2775,guest,male
Abby Elliott,/Cast/?AbEl,cast,female
Mick Jagger,/Guests/?2762,guest,male
Nikolai Fraiture,/Guests/?2768,guest,male
Jeff Beck,/Guests/?2764,guest,male
Chris Kattan,/Cast/?ChKa,cast,male
Kay Ferrell,/Guests/?2752,guest,male
Julian Casablancas,/Guests/?2758,guest,male
Michael Bolton,/Guests/?2756,guest,male
Eli Manning,/Guests/?2741,guest,male
Abby McGrew,/Guests/?2746,guest,female
Chris Snee,/Guests/?2749,guest,male
David Baas,/Guests/?2743,guest,male
David Diehl,/Guests/?2745,guest,male
Shaun O'Hara,/Guests/?2747,guest,male
Sacha Baron Cohen,/Guests/?2744,guest,male
Martin Scorsese,/Guests/?2748,guest,male
Josh Brolin,/Guests/?2737,guest,male
Steven Spielberg,/Guests/?2740,guest,male
Gotye,/Guests/?2738,guest,unknown
Kimbra,/Guests/?2739,guest,female
Sofia Vergara,/Guests/?2734,guest,female
Manolo Gonzalez,/Guests/?2736,guest,male
The Shins,/Guests/?2731,guest,female
Lindsay Lohan,/Guests/?2725,guest,female
Ruby Amanfu,/Guests/?2727,guest,female
Phil Hyms,/Crew/?PhHy,crew,male
Sleigh Bells,/Guests/?2719,guest,unknown
Bill O'Reilly,/Guests/?2720,guest,male
Kate Upton,/Guests/?2724,guest,female
Jean Dujardin,/Guests/?2717,guest,male
Karmin,/Guests/?2715,guest,unknown
Nicolas Cage,/Guests/?2716,guest,male
Channing Tatum,/Guests/?2712,guest,male
Bon Iver,/Guests/?2713,guest,andy
Daniel Radcliffe,/Guests/?2710,guest,male
Paul Brittain,/Cast/?PaBr,cast,male
Lana Del Rey,/Guests/?2711,guest,female
Kelly Clarkson,/Guests/?2709,guest,female
Horatio Sanz,/Cast/?HrSa,cast,male
Jude Law,/Guests/?2704,guest,male
Val Kilmer,/Guests/?2698,guest,female
Robyn,/Guests/?2694,guest,female
Steve Buscemi,/Guests/?2690,guest,male
Jason Segel,/Guests/?2684,guest,male
Jon Huntsman,/Guests/?2687,guest,male
Kermit The Frog,,unknown,male
Florence Welch,,unknown,female
Olivia Wilde,/Guests/?2689,guest,female
Alan Wong,/Crew/?AlWo,crew,male
Shelly Gossman,/Crew/?ShGo,crew,female
Danny DeVito,/Guests/?2679,guest,male
Travie McCoy,/Guests/?2680,guest,unknown
Hugh Jackman,/Guests/?2672,guest,male
Foster The People,/Guests/?2671,guest,male
Kenny G,/Guests/?2673,guest,male
Lady Antebellum,/Guests/?2669,guest,unknown
Radiohead,/Guests/?2665,guest,unknown
Patricia Clarkson,/Guests/?2662,guest,female
Susan Sarandon,/Guests/?2663,guest,female
Chris Colfer,/Guests/?2653,guest,male
Lindsey Buckingham,/Guests/?2652,guest,male
Stephen Colbert,/Crew/?StCo,crew,male
Robert Smigel,/Cast/?RoSm,cast,male
Robin Wright,/Guests/?2649,guest,female
Ellie Goulding,/Guests/?2645,guest,female
Helen Mirren,/Guests/?2642,guest,female
Elton John,/Guests/?2636,guest,male
Carmelo Anthony,/Guests/?2637,guest,male
Leon Russell,/Guests/?2641,guest,male
Jessie J,/Guests/?2634,guest,female
B.o.B,/Guests/?2635,guest,unknown
Russell Brand,/Guests/?2629,guest,male
Chris Brown,/Guests/?2630,guest,male
Linkin Park,/Guests/?2622,guest,unknown
Jesse Eisenberg,/Guests/?2628,guest,male
Dex Carvey,/Guests/?2624,guest,unknown
Tom Carvey,/Guests/?2625,guest,male
Mark Zuckerberg,/Guests/?2619,guest,male
John Waters,/Guests/?2620,guest,male
Cee Lo Green,/Guests/?2614,guest,unknown
Pee-Wee Herman,/Guests/?2616,guest,male
Jeff Bridges,/Guests/?2603,guest,male
Cookie Monster,,unknown,unknown
Akon,/Guests/?2607,guest,unknown
Jessica Alba,/Guests/?2608,guest,female
Mario Batali,/Guests/?2602,guest,male
Rob Klein,/Crew/?RoKl,crew,male
Robin Williams,/Guests/?2599,guest,male
Diddy-Dirty Money,/Guests/?2596,guest,unknown
Sean Combs,,unknown,male
David Spade,,unknown,male
Jane Lynch,/Guests/?2585,guest,female
Ernest Borgnine,/Guests/?2581,guest,male
Morgan Freeman,/Guests/?2582,guest,male
Pusha T,/Guests/?2583,guest,unknown
David Paterson,/Guests/?2575,guest,male
Peter Sarsgaard,/Guests/?2578,guest,male
Tom Petty,,unknown,male
Jessi Klein,/Crew/?JeKl,crew,female
John Lutz,/Crew/?JoLu,crew,male
Jenny Slate,/Cast/?JeSl,cast,female
Tom Petty & The Heartbreakers,/Guests/?2568,guest,male
Betty White,/Guests/?2557,guest,female
Bridget Kelly,/Guests/?2562,guest,female
Mr Hudson,/Guests/?2563,guest,unknown
Gabourey Sidibe,/Guests/?2555,guest,unknown
MGMT,/Guests/?2556,guest,unknown
Ryan Phillippe,/Guests/?2553,guest,male
Ke$ha,/Guests/?2554,guest,unknown
Mark Sanchez,/Guests/?2551,guest,male
Pearl Jam,/Guests/?2546,guest,female
Anthony Anderson,/Guests/?2539,guest,male
Brian Williams,/Guests/?2540,guest,male
Dr. Mehmet Oz,/Guests/?2544,guest,unknown
Jeremy Sisto,/Guests/?2543,guest,male
Frank Rich,/Guests/?2537,guest,male
Ashton Kutcher,/Guests/?2532,guest,male
Them Crooked Vultures,/Guests/?2533,guest,unknown
Sharon Jones,/Guests/?2531,guest,female
Sigourney Weaver,/Guests/?2525,guest,female
James Cameron,/Guests/?2528,guest,male
The Ting Tings,/Guests/?2526,guest,female
Hannibal Buress,/Crew/?HaBu,crew,male
Mike Tyson,/Guests/?2522,guest,male
Taylor Lautner,/Guests/?2517,guest,male
Bon Jovi,/Guests/?2518,guest,andy
Young Jeezy,/Guests/?2516,guest,female
Dave Matthews,,unknown,male
Mindy Kaling,/Guests/?2513,guest,female
Dave Matthews Band,/Guests/?2511,guest,male
January Jones,/Guests/?2507,guest,female
Black Eyed Peas,/Guests/?2508,guest,unknown
Gerard Butler,/Guests/?2501,guest,male
Shakira,/Guests/?2502,guest,female
Justin Long,/Guests/?2500,guest,male
Regina Spektor,/Guests/?2499,guest,female
Elijah Wood,/Guests/?2497,guest,male
Megan Fox,/Guests/?2487,guest,female
Brian Austin Green,/Guests/?2489,guest,male
Michaela Watkins,/Cast/?MiWa,cast,female
Casey Wilson,/Cast/?CaWi,cast,female
Norm MacDonald,/Cast/?NoMa,cast,male
Green Day,/Guests/?2473,guest,unknown
Artie Lange,/Guests/?2476,guest,male
Elisabeth Moss,/Guests/?2478,guest,female
Ciara,/Guests/?2464,guest,female
Zachary Quinto,/Guests/?2469,guest,male
Leonard Nimoy,/Guests/?2467,guest,male
Zac Efron,/Guests/?2461,guest,unknown
Yeah Yeah Yeahs,/Guests/?2462,guest,unknown
Simon Rich,/Crew/?SiRi,crew,male
Stuart Margolin,/Guests/?2457,guest,male
Richard Dean Anderson,/Guests/?2453,guest,male
Ray LaMontagne,/Guests/?2450,guest,male
Jessica Biel,/Guests/?2451,guest,female
James Lipton,/Guests/?2440,guest,male
T-Pain,/Guests/?2441,guest,unknown
TV on the Radio,/Guests/?2438,guest,unknown
Liz Cackowski,/Crew/?LiCa,crew,female
Jason Mraz,/Guests/?2431,guest,male
Britney Haas,/Guests/?2435,guest,female
Craig Eastman,/Guests/?2434,guest,male
Michael Daves,/Guests/?2433,guest,male
Skip Ward,/Guests/?2436,guest,male
Colbie Caillat,/Guests/?2432,guest,unknown
Rosario Dawson,/Guests/?2428,guest,female
Fleet Foxes,/Guests/?2429,guest,unknown
Neil Patrick Harris,/Guests/?2425,guest,male
Liza Minnelli,/Guests/?2427,guest,female
Hugh Laurie,/Guests/?2422,guest,male
John Malkovich,/Guests/?2416,guest,male
T.I.,/Guests/?2417,guest,unknown
Jamie-Lynn Sigler,/Guests/?2419,guest,unknown
Molly Sims,/Guests/?2420,guest,female
Tim McGraw,/Guests/?2413,guest,male
Ludacris,/Guests/?2414,guest,unknown
Beyonce,/Guests/?2411,guest,unknown
Cindy McCain,/Guests/?2407,guest,female
Sen. John McCain,/Guests/?2408,guest,unknown
David Cook,/Guests/?2406,guest,male
John Slattery,/Guests/?2404,guest,male
Mark Wahlberg,/Guests/?2397,guest,male
Sarah Palin,/Guests/?2395,guest,female
Oliver Stone,/Guests/?2396,guest,male
Queen Latifah,/Guests/?2387,guest,female
The Killers,/Guests/?2385,guest,female
Duffy,/Guests/?2381,guest,male
Michael Phelps,/Guests/?2369,guest,male
Debbie Phelps,/Guests/?2373,guest,female
William Shatner,/Guests/?2374,guest,male
Jared Fogel,/Guests/?2372,guest,male
Marika Sawyer,/Crew/?MaSa,crew,female
Ricky Gervais,/Guests/?2368,guest,male
Shia LaBeouf,/Guests/?2361,guest,male
My Morning Jacket,/Guests/?2362,guest,female
Doug Abeles,/Crew/?DoAb,crew,male
Alex Baze,/Crew/?AlBa,crew,male
Demi Moore,/Guests/?2360,guest,female
Gnarls Barkley,/Guests/?2358,guest,unknown
Christopher Walken,/Guests/?2353,guest,male
Christopher Dodd,/Guests/?2355,guest,male
Panic At The Disco,/Guests/?2354,guest,unknown
Mariah Carey,/Guests/?2350,guest,female
Vincent D'Onofrio,/Guests/?2345,guest,male
Ellen Page,/Guests/?2342,guest,female
Wilco,/Guests/?2343,guest,male
Rudy Giuliani,/Guests/?2346,guest,male
Amber Lee Ettinger,/Guests/?2339,guest,female
Carrie Underwood,/Guests/?2338,guest,female
Mike Huckabee,/Guests/?2340,guest,male
Barack Obama,/Guests/?2332,guest,male
Bono,/Guests/?2334,guest,male
Matt Lauer,/Guests/?2335,guest,male
Feist,/Guests/?2331,guest,unknown
Steve Turre,/Crew/?StTu,crew,male
Jon Bon Jovi,/Guests/?2326,guest,male
Richie Sambora,,unknown,male
Marci Klein,/Crew/?MaKl,crew,female
Taylor Hawkins,,unknown,male
Jack Nicholson,/Guests/?2329,guest,male
Spoon,/Guests/?2324,guest,unknown
LeBron James,/Guests/?2319,guest,unknown
Zach Braff,/Guests/?2317,guest,male
Sen. Charles Schumer,/Guests/?2314,guest,unknown
Bjork,/Guests/?2313,guest,unknown
Avril Lavigne,/Guests/?2310,guest,female
Peyton Manning,/Guests/?2303,guest,andy
Archie Manning,/Guests/?2306,guest,male
Olivia Manning,/Guests/?2308,guest,female
Snow Patrol,/Guests/?2301,guest,unknown
Rainn Wilson,/Guests/?2297,guest,male
Rashida Jones,/Guests/?2299,guest,female
Michael Shoemaker,/Crew/?MiSh,crew,male
Forest Whitaker,/Guests/?2295,guest,male
Keith Urban,/Guests/?2296,guest,male
Katreese Barnes,/Crew/?KaBa,crew,unknown
Lily Allen,/Guests/?2293,guest,female
Jeremy Piven,/Guests/?2289,guest,male
AFI,/Guests/?2290,guest,unknown
Annette Bening,/Guests/?2279,guest,female
Matthew Fox,/Guests/?2283,guest,male
Tenacious D,/Guests/?2278,guest,unknown
Mary J. Blige,/Guests/?2276,guest,female
Takeru Kobayashi,/Guests/?2274,guest,male
Christina Aguilera,/Guests/?2267,guest,female
Tony Bennett,/Guests/?2268,guest,male
Ken Davitian,/Guests/?2265,guest,male
John C. Reilly,/Guests/?2259,guest,male
My Chemical Romance,/Guests/?2260,guest,female
Jaime Pressly,/Guests/?2257,guest,male
Corinne Bailey Rae,/Guests/?2258,guest,female
Dane Cook,/Guests/?2254,guest,male
Kevin Spacey,/Guests/?2251,guest,male
Finesse Mitchell,/Cast/?FiMi,cast,male
Nelly Furtado,/Guests/?2252,guest,female
Timbaland,/Guests/?2253,guest,unknown
Jason Alexander,/Guests/?2249,guest,male
Red Hot Chili Peppers,/Guests/?2245,guest,andy
Michael Lohan,/Guests/?2243,guest,male
Antonio Banderas,/Guests/?2238,guest,male
Matt Dillon,/Guests/?2236,guest,male
J.B. Smoove,/Crew/?JBSm,crew,unknown
Arctic Monkeys,/Guests/?2237,guest,unknown
Dennis Haysbert,/Guests/?2235,guest,male
Fall Out Boy,/Guests/?2234,guest,unknown
Kelly Ripa,/Guests/?2230,guest,female
Tamar,/Guests/?2227,guest,female
Conan O'Brien,/Crew/?CoOB,crew,male
Gideon Yago,/Guests/?2232,guest,male
Death Cab For Cutie,/Guests/?2219,guest,unknown
Jack Black,/Guests/?2212,guest,male
Neil Young,/Guests/?2213,guest,male
Johnny Knoxville,/Guests/?2215,guest,male
Darlene Love,/Guests/?2216,guest,female
Kyle Gass,/Guests/?2214,guest,male
Tim Meadows,/Cast/?TiMe,cast,male
Dave Foley,,unknown,male
Phil Gordon,,unknown,male
Alejandro Sanz,/Guests/?2211,guest,male
James Blunt,/Guests/?2207,guest,male
Eva Longoria,/Guests/?2204,guest,female
Korn,/Guests/?2205,guest,unknown
Jason Lee,/Guests/?2202,guest,male
Lance Armstrong,/Guests/?2199,guest,male
Sheryl Crow,/Guests/?2200,guest,female
Scott Podsednik,/Guests/?2201,guest,male
Catherine Zeta-Jones,/Guests/?2197,guest,female
Franz Ferdinand,/Guests/?2198,guest,male
Jon Heder,/Guests/?2195,guest,male
Ashlee Simpson,/Guests/?2196,guest,female
Rob Riggle,/Cast/?RoRi,cast,male
Fred Willard,,unknown,male
Queens of the Stone Age,/Guests/?2188,guest,unknown
Paula Abdul,/Guests/?2185,guest,female
Leo Allen,/Crew/?LeAl,crew,male
Eric Slovin,/Crew/?ErSl,crew,male
System of a Down,/Guests/?2184,guest,unknown
Patti Forte,/Guests/?2186,guest,female
Tom Brady,/Guests/?2180,guest,male
Andy Murphy,/Crew/?AnMu,crew,male
Eve,/Guests/?2173,guest,female
Matt Piedmont,/Crew/?MaPi,crew,male
Jack Johnson,/Guests/?2169,guest,male
G. Love,/Guests/?2170,guest,unknown
Hilary Swank,/Guests/?2165,guest,female
50 Cent,/Guests/?2166,guest,unknown
Olivia,/Guests/?2167,guest,female
Paris Hilton,/Guests/?2161,guest,female
Keane,/Guests/?2162,guest,male
Paul Giamatti,/Guests/?2158,guest,male
Sum41,/Guests/?2160,guest,unknown
Topher Grace,/Guests/?2156,guest,unknown
Destiny's Child,/Guests/?2153,guest,unknown
Colin Farrell,/Guests/?2148,guest,male
Scissor Sisters,/Guests/?2149,guest,unknown
Brett Hull,/Guests/?2150,guest,male
Luke Wilson,/Guests/?2146,guest,male
Modest Mouse,/Guests/?2145,guest,unknown
Kate Winslet,/Guests/?2140,guest,female
Johnny Damon,/Guests/?2142,guest,male
Proof,/Guests/?2143,guest,unknown
Charlie Grandy,/Crew/?ChGr,crew,male
Nelly,/Guests/?2132,guest,female
Jaheim,/Guests/?2135,guest,male
James Gandolfini,/Guests/?2134,guest,male
Mary-Kate Olsen,/Guests/?2128,guest,unknown
Ashley Olsen,/Guests/?2129,guest,female
J-Kwon,/Guests/?2130,guest,unknown
Snoop Dogg,/Guests/?2126,guest,unknown
Janet Jackson,/Guests/?2119,guest,female
Simon Cowell,/Guests/?2120,guest,male
Carolyn Kepcher,/Guests/?2116,guest,female
George Ross,/Guests/?2118,guest,male
Toots and the Maytals,/Guests/?2112,guest,unknown
Ben Harper,/Guests/?2114,guest,male
Bootsy Collins,/Guests/?2113,guest,unknown
The Roots,/Guests/?2117,guest,female
N.E.R.D.,/Guests/?2109,guest,unknown
Colin Firth,/Guests/?2105,guest,male
Norah Jones,/Guests/?2106,guest,female
Kelis,/Guests/?2102,guest,female
Scott Wainio,/Crew/?ScWa,crew,male
Megan Mullally,/Guests/?2098,guest,female
Clay Aiken,/Guests/?2099,guest,male
Nick Offerman,/Guests/?2100,guest,male
Jeff Richards,/Cast/?JeRi,cast,male
Jessica Simpson,/Guests/?2094,guest,female
Nick Lachey,/Guests/?2095,guest,male
G Unit,/Guests/?2096,guest,unknown
Joe,/Guests/?2097,guest,male
Al Franken,/Cast/?AlFr,cast,male
Jet,/Guests/?2089,guest,female
Missy Elliott,/Guests/?2082,guest,female
Andy Roddick,/Guests/?2077,guest,male
Trey Anastasio,/Guests/?2079,guest,male
Outkast,/Guests/?2075,guest,unknown
Halle Berry,/Guests/?2071,guest,female
Britney Spears,/Guests/?2072,guest,female
George Wendt,/Guests/?2073,guest,male
Carl Weathers,/Guests/?2070,guest,male
Jim Belushi,/Cast/?JiBe,cast,male
Kip King,/Guests/?2064,guest,male
Tom Davis,/Cast/?ToDa,cast,male
Dean Edwards,/Cast/?DeEd,cast,male
Adrien Brody,/Guests/?2054,guest,male
Elliot Brody,/Guests/?2057,guest,male
Sylvia Plachy,/Guests/?2058,guest,female
Sean Paul,/Guests/?2055,guest,male
Wayne Wonder,/Guests/?2056,guest,male
Lukasz Gottwald,/Crew/?LuGo,crew,unknown
Nate Dogg,/Guests/?2053,guest,female
Ray Romano,/Guests/?2048,guest,male
Zwan,/Guests/?2049,guest,unknown
Bernie Mac,/Guests/?2046,guest,male
Good Charlotte,/Guests/?2047,guest,unknown
Salma Hayek,/Guests/?2043,guest,female
Lorenzo Lamas,,unknown,male
Ms. Dynamite,/Guests/?2041,guest,unknown
Jeff Bergman,,unknown,male
Tom Kenny,,unknown,male
Jack Handey,,crew,male
T. Sean Shannon,/Crew/?TSSh,crew,unknown
The Dixie Chicks,/Guests/?2031,guest,female
Ray Liotta,/Guests/?2028,guest,male
The Donnas,/Guests/?2029,guest,female
Jeff Gordon,/Guests/?2026,guest,male
Tipper Gore,/Guests/?2020,guest,unknown
Allison Janney,/Guests/?2021,guest,female
Bradley Whitford,/Guests/?2025,guest,male
John Spencer,/Guests/?2024,guest,male
Martin Sheen,/Guests/?2023,guest,male
Richard Schiff,/Guests/?2022,guest,male
Phish,/Guests/?2018,guest,unknown
Harvey Keitel,/Guests/?2016,guest,male
Brittany Murphy,/Guests/?2008,guest,female
Kelly Rowland,/Guests/?2011,guest,female
Garrett Morris,/Cast/?GaMo,cast,male
Nia Vardalos,/Guests/?2005,guest,female
Jean Fey,/Guests/?2007,guest,male
Eric McCormack,/Guests/?2001,guest,male
Lenny Kravitz,/Guests/?2004,guest,male
The White Stripes,/Guests/?2000,guest,female
Sarah Michelle Gellar,/Guests/?1997,guest,female
Faith Hill,/Guests/?1998,guest,female
Soozie Tyrell,/Guests/?1996,guest,unknown
Bruce Springsteen,,unknown,male
Winona Ryder,/Guests/?1990,guest,female
Alex Trebek,/Guests/?1993,guest,male
Neil Diamond,/Guests/?1992,guest,male
Moby,/Guests/?1991,guest,unknown
Kirsten Dunst,/Guests/?1987,guest,female
P.O.D.,/Guests/?1986,guest,unknown
The Rock,/Guests/?1983,guest,male
Andrew W.K.,/Guests/?1984,guest,male
Jimmy Eat World,/Guests/?1982,guest,male
Ian McKellen,/Guests/?1979,guest,male
Kylie Minogue,/Guests/?1980,guest,female
Jon Stewart,/Guests/?1976,guest,male
George Plimpton,/Guests/?1978,guest,male
Kurt Loder,,unknown,male
Mike Judge,,unknown,male
India.Arie,/Guests/?1977,guest,unknown
Jonny Moseley,/Guests/?1973,guest,male
Rip Taylor,/Guests/?1975,guest,andy
John Zonars,/Crew/?JoZo,crew,male
Josh Hartnett,/Guests/?1965,guest,male
Ellen DeGeneres,/Guests/?1962,guest,female
No Doubt,/Guests/?1963,guest,unknown
Derek Jeter,/Guests/?1955,guest,male
Patrick Ferrell,/Crew/?PaFe,crew,male
David Cone,/Guests/?1958,guest,male
David Wells,/Guests/?1959,guest,male
Bubba Sparxxx,/Guests/?1956,guest,unknown
Billy Bob Thornton,/Guests/?1952,guest,male
Creed,/Guests/?1953,guest,unknown
Ryan Adams,/Guests/?1949,guest,male
Ja Rule,/Guests/?1944,guest,female
Ashanti,/Guests/?1945,guest,female
Case,/Guests/?1947,guest,unknown
Tom Green,/Guests/?1940,guest,male
Macy Gray,/Guests/?1939,guest,female
Colin Quinn,/Cast/?CoQu,cast,male
Seann William Scott,/Guests/?1935,guest,unknown
Kevin Nealon,/Cast/?KeNe,cast,male
Weezer,/Guests/?1928,guest,unknown
Jerry Minor,/Cast/?JeMi,cast,male
Lara Flynn Boyle,/Guests/?1923,guest,female
Adam McKay,/Crew/?AdMc,crew,male
Lou Reed,/Guests/?1926,guest,male
Julia Stiles,/Guests/?1921,guest,female
Pierce Brosnan,/Guests/?1919,guest,male
Michelle Williams,,unknown,female
Renee Zellweger,/Guests/?1915,guest,female
Kid Rock,/Guests/?1913,guest,unknown
Aerosmith,/Guests/?1909,guest,unknown
David Copperfield,/Guests/?1910,guest,male
Dennis McNicholas,/Crew/?DeMc,crew,male
Becky Weinberg,/Guests/?1906,guest,female
Max Weinberg,/Guests/?1907,guest,male
Don Henley,/Guests/?1904,guest,male
Katie Holmes,/Guests/?1900,guest,female
Sean Hayes,/Guests/?1894,guest,male
Michael Schur,/Crew/?MiSc,crew,male
Shaggy,/Guests/?1895,guest,unknown
Rikrok,/Guests/?1897,guest,unknown
Rayvon,/Guests/?1896,guest,unknown
Mark Elliot,,unknown,male
Mena Suvari,/Guests/?1887,guest,female
Janet Reno,/Guests/?1889,guest,female
Charlie Sheen,/Guests/?1884,guest,male
Lucy Liu,/Guests/?1880,guest,female
Hugh Fink,/Crew/?HuFi,crew,male
Beanie Sigel,/Guests/?1882,guest,unknown
Memphis Bleek,/Guests/?1883,guest,unknown
Mary Jane Green,/Guests/?1871,guest,female
Richard Green,/Guests/?1872,guest,male
David Gray,/Guests/?1869,guest,male
Derek Harvie,/Guests/?1874,guest,male
Glenn Humplik,/Guests/?1875,guest,male
Shawn Greenson,/Guests/?1873,guest,male
Calista Flockhart,/Guests/?1865,guest,female
Ricky Martin,/Guests/?1866,guest,male
Robert Carlock,/Crew/?RoCa,crew,male
Baha Men,/Guests/?1861,guest,male
Matt Walsh,/Crew/?MaWa,crew,male
The Wallflowers,/Guests/?1860,guest,female
Kate Hudson,/Guests/?1856,guest,female
Nomar Garciaparra,/Guests/?1858,guest,unknown
Rob Lowe,/Guests/?1850,guest,male
Ralph Nader,/Guests/?1855,guest,male
Dido,/Guests/?1852,guest,female
Brendan Fraser,/Guests/?1853,guest,male
Florence Henderson,/Guests/?1847,guest,female
Gina Gershon,/Guests/?1846,guest,female
Jackie Chan,/Guests/?1842,guest,male
Cheri Oteri,/Cast/?ChOt,cast,female
Joe C.,/Guests/?1848,guest,male
Patricia Oteri,/Guests/?1840,guest,female
Kevin Brennan,/Crew/?KeBr,crew,male
Tobey Maguire,/Guests/?1832,guest,unknown
Sisqo,/Guests/?1833,guest,unknown
Rich Francese,/Crew/?RiFr,crew,male
Big Show,/Guests/?1824,guest,unknown
Mick Foley,/Guests/?1825,guest,male
Triple H,/Guests/?1826,guest,unknown
Vince McMahon,/Guests/?1827,guest,male
Steven Cragg,/Crew/?StCr,crew,male
AC/DC,/Guests/?1823,guest,unknown
Joshua Jackson,/Guests/?1818,guest,male
'N Sync,/Guests/?1819,guest,unknown
Chris Kirkpatrick,,unknown,male
J.C. Chasez,,unknown,unknown
Joey Fatone,,unknown,male
Lance Bass,,unknown,male
The Statler Brothers,/Guests/?1821,guest,female
Fiona Apple,/Guests/?1815,guest,female
Julianna Margulies,/Guests/?1811,guest,female
Noah Wyle,/Guests/?1813,guest,male
DMX,/Guests/?1812,guest,unknown
Alan Cumming,/Guests/?1807,guest,male
Fat Joe,/Guests/?1809,guest,unknown
Freddie Prinze Jr.,/Guests/?1804,guest,male
Angie Everhart,/Guests/?1806,guest,female
Ryan Shiraki,/Crew/?RySh,crew,male
Blink-182,/Guests/?1800,guest,unknown
Michael Stipe,,unknown,male
Joe Franken (II),/Guests/?1797,guest,male
R.E.M.,/Guests/?1795,guest,unknown
Cheryl Hardwick,/Crew/?ChHa,crew,female
Christina Ricci,/Guests/?1792,guest,female
John Carpenter,/Guests/?1790,guest,male
Tim Herlihy,/Crew/?TiHe,crew,male
Sting,/Guests/?1789,guest,male
Cheb Mami,/Guests/?1791,guest,male
Garth Brooks,/Guests/?1786,guest,male
Chris Gaines,/Guests/?1787,guest,male
Dylan McDermott,/Guests/?1784,guest,male
Dr. Dre,/Guests/?1780,guest,male
Heather Graham,/Guests/?1775,guest,female
Marc Anthony,/Guests/?1776,guest,male
David Bowie,/Guests/?1768,guest,male
Dean Winters,/Guests/?1774,guest,male
Harold Perrineau,/Guests/?1771,guest,male
Lee Tergesen,/Guests/?1773,guest,male
A.J. Benza,/Guests/?1769,guest,unknown
Rick Ludwin,/Guests/?1770,guest,male
Howie Dorough,,unknown,male
David Boreanaz,/Guests/?1764,guest,male
Seth Green,/Guests/?1765,guest,male
Backstreet Boys,/Guests/?1763,guest,unknown
Monica Lewinsky,/Guests/?1761,guest,female
Cuba Gooding Jr.,/Guests/?1758,guest,unknown
Garbage,/Guests/?1754,guest,unknown
Doris Roberts,/Guests/?1752,guest,female
Peter Boyle,/Guests/?1751,guest,male
The Corrs,/Guests/?1750,guest,female
Stephanie Seymour,/Guests/?1748,guest,female
Lucinda Williams,/Guests/?1746,guest,female
Barenaked Ladies,/Guests/?1736,guest,unknown
James Van Der Beek,/Guests/?1733,guest,male
Everlast,/Guests/?1734,guest,unknown
Bill Paxton,/Guests/?1729,guest,male
Lori Nasso,/Crew/?LoNa,crew,female
Debbie Matenopoulos,/Guests/?1731,guest,female
Luciano Pavarotti,/Guests/?1725,guest,male
Vanessa Williams,/Guests/?1726,guest,female
Janice Pendarvis,/Guests/?1728,guest,female
Lauryn Hill,/Guests/?1723,guest,female
Jennifer Love Hewitt,/Guests/?1718,guest,female
Muse Watson,/Guests/?1721,guest,unknown
Adam Horovitz,,unknown,male
Beastie Boys,/Guests/?1719,guest,unknown
Joan Allen,/Guests/?1715,guest,female
Jewel,/Guests/?1716,guest,female
Eagle-Eye Cherry,/Guests/?1712,guest,unknown
Chili Davis,/Guests/?1707,guest,unknown
Graeme Lloyd,/Guests/?1708,guest,male
Tino Martinez,/Guests/?1709,guest,male
Alanis Morissette,/Guests/?1705,guest,female
Lucy Lawless,/Guests/?1700,guest,female
Judge Judy Sheindlin,/Guests/?1703,guest,female
Chucky,/Guests/?1702,guest,unknown
Elliott Smith,/Guests/?1701,guest,male
Kelsey Grammer,/Guests/?1693,guest,male
Shaquille O'Neal,/Guests/?1695,guest,male
Christine Baranski,/Guests/?1696,guest,female
Hal Linden,/Guests/?1697,guest,male
Patti LuPone,/Guests/?1698,guest,female
Wendy Melvoin,/Guests/?1699,guest,female
The Smashing Pumpkins,/Guests/?1687,guest,female
Jonathan Richman,/Guests/?1692,guest,male
Tommy Larkins,/Guests/?1690,guest,male
David Duchovny,/Guests/?1678,guest,male
Nicholas Lea,/Guests/?1683,guest,male
Puff Daddy,/Guests/?1679,guest,unknown
Jimmy Page,/Guests/?1680,guest,male
Jim Breuer,/Cast/?JiBr,cast,male
Regis Philbin,/Guests/?1677,guest,male
Bob Van Ry,/Crew/?BVRy,crew,male
Natalie Merchant,/Guests/?1675,guest,female
Greg Kinnear,/Guests/?1671,guest,male
All Saints,/Guests/?1672,guest,unknown
Bob Hoskins,/Guests/?1673,guest,male
Lewis Lapham,/Guests/?1670,guest,male
John Hurt,/Guests/?1667,guest,male
Didi Conn,/Guests/?1668,guest,female
Gilbert Gottfried,,unknown,male
Molly Ringwald,,unknown,female
Third Eye Blind,/Guests/?1666,guest,unknown
Natasha Henstridge,/Guests/?1669,guest,female
Julianne Moore,/Guests/?1663,guest,female
Tom Gianas,/Crew/?ToGi,crew,male
Scott Wolf,/Guests/?1661,guest,male
Natalie Imbruglia,/Guests/?1662,guest,female
Robert Duvall,/Guests/?1660,guest,male
Mark McKinney,/Cast/?MaMc,cast,male
Roma Downey,/Guests/?1655,guest,female
"Missy ""Misdemeanor"" Elliott",/Guests/?1656,guest,female
Magoo,/Guests/?1657,guest,unknown
Cindy Caponera,/Crew/?CiCa,crew,female
Lou Marini,/Crew/?LoMa,crew,male
Leon Pendarvis,/Crew/?LePe,crew,male
Alan P. Rubin,/Crew/?AlPR,crew,male
Paula Cole,/Guests/?1653,guest,female
Portishead,/Guests/?1651,guest,unknown
Frank Sebastiano,/Crew/?FrSe,crew,male
Ben Folds Five,/Guests/?1649,guest,male
Helen Hunt,/Guests/?1630,guest,female
Cliff Floyd,/Guests/?1636,guest,male
David Howard,/Guests/?1638,guest,male
Gerald Williams,/Guests/?1645,guest,male
Gregg Jefferies,/Guests/?1640,guest,male
Jeff Fassero,/Guests/?1635,guest,male
Mark Grudzielanek,/Guests/?1637,guest,male
Mark Wohlers,/Guests/?1646,guest,male
Marty Cordova,/Guests/?1633,guest,male
Mike Sweeney,/Guests/?1643,guest,male
Pedro Borbon Jr.,/Guests/?1632,guest,male
Rondell White,/Guests/?1644,guest,unknown
Russ Davis,/Guests/?1634,guest,male
Scott Rolen,/Guests/?1642,guest,male
Todd Hundley,/Guests/?1639,guest,male
Todd Zeile,/Guests/?1647,guest,male
Hanson,/Guests/?1631,guest,unknown
Nathan Lane,/Guests/?1625,guest,male
Ernie Sabella,/Guests/?1628,guest,male
The Dallas Cowboys Cheerleaders,/Guests/?1629,guest,female
Metallica,/Guests/?1626,guest,unknown
Marianne Faithfull,/Guests/?1627,guest,female
Sarah McLachlan,/Guests/?1624,guest,female
Michael McKean,/Cast/?MiMc,cast,male
Claire Danes,/Guests/?1621,guest,female
Jane's Addiction,/Guests/?1618,guest,unknown
Flea,/Guests/?1620,guest,unknown
Chris Farley,/Cast/?ChFa,cast,male
The Mighty Mighty Bosstones,/Guests/?1611,guest,female
Bill Kurtis,/Guests/?1615,guest,male
Mike Ditka,/Guests/?1614,guest,male
Eric Dickerson,/Guests/?1609,guest,male
Joe Dicso,/Crew/?JoDi,crew,male
Matthew Perry,/Guests/?1605,guest,male
Ian Roberts,/Crew/?IaRo,crew,male
Oasis,/Guests/?1606,guest,unknown
Richard Jewell,/Guests/?1604,guest,male
Jamiroquai,/Guests/?1603,guest,unknown
Jeff Goldblum,/Guests/?1600,guest,male
En Vogue,/Guests/?1601,guest,andy
Pamela Lee,/Guests/?1594,guest,female
Tommy Lee,/Guests/?1596,guest,male
Rollins Band,/Guests/?1595,guest,unknown
Joe Pesci,/Guests/?1593,guest,male
Spice Girls,/Guests/?1591,guest,unknown
Mark Hamill,/Guests/?1586,guest,male
Veruca Salt,/Guests/?1585,guest,unknown
Trudie Styler,/Guests/?1587,guest,female
Norm Hiscock,/Crew/?NoHi,crew,male
Tina Turner,/Guests/?1582,guest,female
Howard Stern,/Guests/?1583,guest,male
Live,/Guests/?1580,guest,unknown
Neve Campbell,/Guests/?1576,guest,female
David Alan Grier,/Guests/?1572,guest,male
Snoop Doggy Dogg,/Guests/?1573,guest,unknown
Charlie Wilson,/Guests/?1575,guest,male
Daz Dillinger,/Guests/?1574,guest,unknown
John Cleese,/Guests/?1570,guest,male
Michael Palin,/Guests/?1571,guest,male
Rosie O'Donnell,/Guests/?1564,guest,female
Whitney Houston,/Guests/?1565,guest,female
Penny Marshall,/Guests/?1566,guest,female
Georgia Mass Choir,/Guests/?1567,guest,female
Cliff Robertson,/Guests/?1560,guest,male
Rodney Dangerfield,/Guests/?1559,guest,male
Bush,/Guests/?1558,guest,unknown
Bob Dole,/Guests/?1554,guest,male
Elizabeth Dole,/Guests/?1555,guest,female
Robert Downey Jr.,/Cast/?RoDJ,cast,male
Evander Holyfield,/Guests/?1556,guest,male
Abe Vigoda,/Guests/?1551,guest,male
Bill Pullman,/Guests/?1544,guest,male
New Edition,/Guests/?1545,guest,unknown
Fred Wolf,/Cast/?FrWo,cast,male
David Lander,/Guests/?1543,guest,male
Lisa Kudrow,/Guests/?1541,guest,female
Kerri Strug,/Guests/?1540,guest,female
John Henry Kurtz,,unknown,male
Soundgarden,/Guests/?1537,guest,unknown
The Cure,/Guests/?1533,guest,female
Jim Gaffigan,/Guests/?1535,guest,male
Teri Hatcher,/Guests/?1529,guest,female
Sam Waterston,/Guests/?1531,guest,male
Erin Maroney,/Crew/?ErMa,crew,female
Steve Forbes,/Guests/?1521,guest,male
Rage Against The Machine,/Guests/?1522,guest,unknown
Catherine Forbes,/Guests/?1524,guest,female
Elizabeth Forbes,/Guests/?1525,guest,female
Moira Forbes,/Guests/?1526,guest,female
Roberta Forbes,/Guests/?1527,guest,female
Sabina Beekman,/Guests/?1523,guest,female
Sabina Forbes,/Guests/?1528,guest,female
Gin Blossoms,/Guests/?1520,guest,unknown
Elle MacPherson,/Guests/?1518,guest,female
Everclear,/Guests/?1516,guest,unknown
Tom Arnold,/Guests/?1508,guest,male
Tupac Shakur,/Guests/?1509,guest,unknown
Danny Boy,/Guests/?1510,guest,male
Roger Troutman,/Guests/?1512,guest,male
Danny Aiello,/Guests/?1503,guest,male
Coolio,/Guests/?1504,guest,unknown
Larry Brown,/Guests/?1505,guest,male
L.V.,/Guests/?1507,guest,unknown
Tori Amos,/Guests/?1502,guest,female
George Pataki,/Guests/?1500,guest,male
Joan Osborne,/Guests/?1498,guest,female
Madeline Kahn,/Guests/?1494,guest,female
Silverchair,/Guests/?1493,guest,unknown
Anthony Edwards,/Guests/?1490,guest,male
Laura Leighton,/Guests/?1485,guest,female
Grant Show,/Guests/?1487,guest,male
Rancid,/Guests/?1486,guest,unknown
Sean Penn,/Guests/?1488,guest,male
Quentin Tarantino,/Guests/?1482,guest,male
Robert Hegyes,/Guests/?1484,guest,male
Bill Bradley,/Guests/?1477,guest,male
Lamar Alexander,/Guests/?1476,guest,male
Gabriel Byrne,/Guests/?1474,guest,male
Chipper Jones,/Guests/?1480,guest,unknown
Chrissie Hynde,/Guests/?1479,guest,female
Tom Glavine,/Guests/?1478,guest,male
David Schwimmer,/Guests/?1465,guest,male
Barry Williams,/Guests/?1473,guest,male
Gary Coleman,/Guests/?1468,guest,male
Jimmie Walker,/Guests/?1472,guest,male
Jennifer Turner,/Guests/?1471,guest,female
Katell Keineg,/Guests/?1469,guest,female
Mariel Hemingway,/Guests/?1463,guest,female
Beth McCarthy Miller,/Crew/?BMcM,crew,female
Lisa Loeb,/Guests/?1462,guest,female
Don Novello,/Cast/?DoNo,cast,male
Blues Traveler,/Guests/?1460,guest,unknown
Morwenna Banks,/Cast/?MoBa,cast,female
Ellen Cleghorne,/Cast/?ElCl,cast,female
Chris Elliott,/Cast/?ChEl,cast,male
G.E. Smith,/Crew/?GESm,crew,unknown
Michael Angarano,/Guests/?1458,guest,male
Naomi Campbell,/Guests/?1457,guest,female
Jay Mohr,/Cast/?JaMo,cast,male
Rod Stewart,/Guests/?1456,guest,male
Laura Kightlinger,/Cast/?LaKi,cast,female
Bob Saget,/Guests/?1453,guest,male
TLC,/Guests/?1454,guest,unknown
Courteney Cox,/Guests/?1450,guest,female
Damon Wayans,/Cast/?DaWa,cast,male
Janeane Garofalo,/Cast/?JaGa,cast,female
Dionne Farris,/Guests/?1448,guest,female
Brian Dennehy,/Guests/?1445,guest,male
The Tragically Hip,/Guests/?1443,guest,female
Paul Reiser,/Guests/?1439,guest,male
Billy Grundfest,/Guests/?1441,guest,male
Steve Koren,/Crew/?StKo,crew,male
Dave Wilson,/Crew/?DaWi,crew,male
Annie Lennox,/Guests/?1440,guest,female
George Clooney,/Guests/?1437,guest,male
Ian Maxtone-Graham,/Crew/?IaMG,crew,male
The Cranberries,/Guests/?1438,guest,female
Akeyla Cleghorne,/Crew/?AkCl,crew,unknown
Bruce McCulloch,/Crew/?BrMc,crew,male
Deion Sanders,/Guests/?1434,guest,male
Manute Bol,/Guests/?1436,guest,unknown
Bob Newhart,/Guests/?1431,guest,male
Des'ree,/Guests/?1432,guest,unknown
Marilyn Suzanne Miller,/Crew/?MaSM,crew,female
Suzanne Pleshette,/Guests/?1433,guest,female
David Hyde Pierce,/Guests/?1429,guest,male
Luscious Jackson,/Guests/?1428,guest,unknown
George Foreman,/Guests/?1424,guest,male
Michael Buffer,/Guests/?1426,guest,male
Hole,/Guests/?1425,guest,unknown
Christian Slater,/Guests/?1423,guest,male
Roseanne,/Guests/?1417,guest,female
John Turturro,/Guests/?1412,guest,male
Joey Buttafuoco,/Guests/?1414,guest,male
David Hasselhoff,/Guests/?1416,guest,male
Sarah Jessica Parker,/Guests/?1409,guest,female
President George Bush,/Guests/?1408,guest,unknown
Edie Brickell,/Guests/?1406,guest,female
John Travolta,/Guests/?1400,guest,male
Seal,/Guests/?1401,guest,unknown
Marisa Tomei,/Guests/?1398,guest,female
Bonnie Raitt,/Guests/?1399,guest,female
Lew Morton,/Crew/?LeMo,crew,male
Eric Clapton,/Guests/?1391,guest,male
Bobby Bonilla,/Guests/?1393,guest,male
Jack McDowell,/Guests/?1396,guest,male
Lenny Dykstra,/Guests/?1395,guest,male
Mo Vaughn,/Guests/?1397,guest,male
Roger Clemens,/Guests/?1394,guest,male
Heather Locklear,/Guests/?1386,guest,female
Jay Leno,/Guests/?1389,guest,male
Melanie Hutsell,/Cast/?MeHu,cast,female
Julia Sweeney,/Cast/?JuSw,cast,female
Rafael Fuchs,/Guests/?1388,guest,male
The Pretenders,/Guests/?1383,guest,female
Jan Hooks,/Cast/?JaHo,cast,female
Emilio Estevez,/Guests/?1380,guest,male
Sy Sperling,/Guests/?1378,guest,male
Dave Attell,/Crew/?DaAt,crew,male
Steve Lookner,/Crew/?StLo,crew,male
David Mandel,/Crew/?DaMa,crew,male
Dwight Yoakham,/Guests/?1376,guest,male
Cindy Crawford,/Guests/?1374,guest,female
Nancy Kerrigan,/Guests/?1369,guest,female
Christine Zander,/Crew/?ChZa,crew,female
Aretha Franklin,/Guests/?1370,guest,female
Martin Lawrence,/Guests/?1367,guest,male
Crash Test Dummies,/Guests/?1368,guest,unknown
Kim Basinger,/Guests/?1363,guest,female
UB40,/Guests/?1364,guest,unknown
Billy Baldwin,/Guests/?1365,guest,male
Stephen Baldwin,/Guests/?1366,guest,male
Patrick Stewart,/Guests/?1359,guest,male
Salt-N-Pepa,/Guests/?1360,guest,unknown
Bernie Kopell,/Guests/?1361,guest,female
Sara Gilbert,/Guests/?1357,guest,female
Counting Crows,/Guests/?1358,guest,unknown
Jason Patric,/Guests/?1354,guest,male
Blind Melon,/Guests/?1355,guest,unknown
Richard Simmons,/Guests/?1356,guest,male
Sally Field,/Guests/?1351,guest,female
Tony! Toni! Tone!,/Guests/?1352,guest,unknown
Lili Haydn,/Guests/?1353,guest,female
Charlton Heston,/Guests/?1349,guest,unknown
Paul Westerberg,/Guests/?1350,guest,male
Nicole Kidman,/Guests/?1343,guest,female
Stone Temple Pilots,/Guests/?1344,guest,male
Tom Schiller,/Cast/?ToSc,cast,male
Jimmy Workman,/Guests/?1348,guest,male
James Taylor,/Guests/?1340,guest,male
Casey Kasem,/Guests/?1342,guest,andy
Don Grolnick,/Crew/?DoGr,crew,male
Billy Joel,/Guests/?1334,guest,male
T-Bone Wolk,/Crew/?TBWo,crew,unknown
Steven Tyler,,unknown,male
Joe Perry,,unknown,male
Laura Dern,/Guests/?1332,guest,female
Shannen Doherty,/Guests/?1327,guest,female
Ashley Hamilton,/Guests/?1329,guest,female
Cypress Hill,/Guests/?1328,guest,unknown
Muggsy Bogues,/Guests/?1324,guest,unknown
Nirvana,/Guests/?1323,guest,female
Skid Row,/Guests/?1326,guest,unknown
Kevin Kline,/Guests/?1317,guest,male
Bonnie Turner,/Crew/?BoTu,crew,female
Terry Turner,/Crew/?TeTu,crew,female
Joel Godard,,unknown,male
Willie Nelson,/Guests/?1318,guest,male
Midnight Oil,/Guests/?1316,guest,unknown
Warren Hutcherson,/Crew/?WaHu,crew,male
Kirstie Alley,/Guests/?1313,guest,female
Peter Gabriel,/Guests/?1312,guest,male
Miranda Richardson,/Guests/?1306,guest,female
Stephen Rea,/Guests/?1309,guest,male
Soul Asylum,/Guests/?1307,guest,unknown
Marv Albert,/Guests/?1310,guest,male
The Bravados,/Guests/?1305,guest,female
Cora Blige,/Guests/?1304,guest,female
Linda McCartney,/Guests/?1297,guest,female
Giorgio Armani,/Guests/?1294,guest,male
Luke Perry,/Guests/?1291,guest,male
Jeff Renaudo,/Crew/?JeRe,crew,male
Joe Mantegna,/Guests/?1285,guest,male
Grafton True,/Crew/?GrTr,crew,unknown
Glenn Close,/Guests/?1278,guest,female
The Black Crowes,/Guests/?1279,guest,female
Mary Beth Hurt,/Guests/?1280,guest,female
Jim Pitt,/Crew/?JiPi,crew,male
Roseanne Arnold,/Guests/?1275,guest,female
Dick Butkus,/Guests/?1277,guest,male
Sinbad,/Guests/?1271,guest,unknown
Sade,/Guests/?1272,guest,female
Morrissey,/Guests/?1270,guest,unknown
Catherine O'Hara,/Guests/?1267,guest,female
"10,000 Maniacs",/Guests/?1268,guest,unknown
Arrested Development,/Guests/?1265,guest,unknown
Spin Doctors,/Guests/?1261,guest,unknown
Tim Robbins,/Guests/?1257,guest,male
Sinead O'Connor,/Guests/?1258,guest,unknown
Bobby Brown,/Guests/?1254,guest,male
Cher,/Guests/?1256,guest,female
Siobhan Fallon,/Cast/?SiFa,cast,female
Beth Cahill,/Cast/?BeCa,cast,female
Victoria Jackson,/Cast/?ViJa,cast,female
Sharon Stone,/Guests/?1240,guest,female
Ken Stabler,/Guests/?1243,guest,male
Mary Stuart Masterson,/Guests/?1238,guest,female
Barbra Streisand,/Guests/?1235,guest,female
Jason Priestley,/Guests/?1229,guest,male
Teenage Fanclub,/Guests/?1230,guest,unknown
Susan Dey,/Guests/?1226,guest,female
C+C Music Factory,/Guests/?1227,guest,unknown
Deborah Cooper,/Guests/?1228,guest,female
Robbie Robertson,/Guests/?1221,guest,male
Bruce Hornsby,/Guests/?1223,guest,male
Ivan Neville,/Guests/?1224,guest,male
Monk Boudreaux,/Guests/?1222,guest,unknown
Rob Morrow,/Guests/?1217,guest,male
Lew Del Gatto,/Crew/?LeDG,crew,male
Susan Lucci,/Guests/?1216,guest,female
Hammer,/Guests/?1210,guest,unknown
Macaulay Culkin,/Guests/?1206,guest,male
Kieran Culkin,/Guests/?1208,guest,male
Tin Machine,/Guests/?1207,guest,male
Linda Hamilton,/Guests/?1202,guest,female
Edward Furlong,/Guests/?1204,guest,male
Rachel Bolan,,unknown,female
Sebastian Bach,,unknown,male
John McLaughlin,/Guests/?1197,guest,male
Arnold Schwarzenegger,/Guests/?1198,guest,male
Ted Danson,/Guests/?1191,guest,male
Color Me Badd,/Guests/?1188,guest,unknown
Michael Jordan,/Guests/?1182,guest,male
Public Enemy,/Guests/?1183,guest,unknown
Jesse Jackson,/Guests/?1184,guest,male
Spike Lee,/Guests/?1185,guest,male
Spike Feresten,/Crew/?SpFe,crew,male
Dennis Miller,/Cast/?DeMi,cast,male
Elvis Costello,/Guests/?1181,guest,male
Andrew Robin,/Crew/?AnRo,crew,male
Delta Burke,/Guests/?1176,guest,unknown
Bob Odenkirk,/Crew/?BoOd,crew,male
Chris Isaak,/Guests/?1177,guest,male
Silvertone,/Guests/?1178,guest,unknown
Steven Seagal,/Guests/?1174,guest,male
Randy Quaid,/Cast/?RaQu,cast,male
Kate Pierson,/Guests/?1171,guest,female
Jeremy Irons,/Guests/?1165,guest,male
Fishbone,/Guests/?1166,guest,unknown
Razor Ruddock,/Guests/?1167,guest,unknown
Michael J. Fox,/Guests/?1163,guest,male
A. Whitney Brown,/Cast/?AWBr,cast,male
Arthur Kent,/Guests/?1162,guest,male
Roseanne Barr,/Guests/?1153,guest,female
Deee-Lite,/Guests/?1154,guest,unknown
Bootsy Collins & The Rubber Band,/Guests/?1155,guest,unknown
Kevin Bacon,/Guests/?1151,guest,male
INXS,/Guests/?1152,guest,unknown
Vanilla Ice,/Guests/?1149,guest,unknown
Dennis Quaid,/Guests/?1145,guest,male
The Neville Brothers,/Guests/?1146,guest,female
Elliott Gould,/Guests/?1139,guest,male
Tony Randall,/Guests/?1143,guest,male
Edie Brickell & New Bohemians,/Guests/?1138,guest,female
Faith No More,/Guests/?1136,guest,female
Dennis Hopper,/Guests/?1131,guest,male
Bert Parks,/Guests/?1134,guest,male
Olodum,/Guests/?1133,guest,unknown
Jimmy Smits,/Guests/?1128,guest,male
Bob Costas,/Guests/?1130,guest,male
World Party,/Guests/?1129,guest,unknown
Patrick Swayze,/Guests/?1125,guest,male
Lisa Niemi,/Guests/?1127,guest,female
George Steinbrenner,/Guests/?1123,guest,male
The Time,/Guests/?1124,guest,female
Hothouse Flowers,/Guests/?1121,guest,unknown
Gene Rayburn,/Guests/?1122,guest,male
Kyle MacLachlan,/Guests/?1118,guest,male
Audrey Peart Dickman,/Crew/?AuPD,crew,female
The Notting Hillbillies,/Guests/?1117,guest,female
Nora Dunn,/Cast/?NoDu,cast,female
Andrew Dice Clay,/Guests/?1113,guest,male
The Spanic Boys,/Guests/?1114,guest,female
Julee Cruise,/Guests/?1115,guest,unknown
The B-52's,/Guests/?1112,guest,female
Gregory Daniels,/Crew/?GrDa,crew,male
Corbin Bernsen,/Guests/?1109,guest,male
The Smithereens,/Guests/?1110,guest,female
Debra Winger,/Guests/?1107,guest,female
The Pogues,/Guests/?1105,guest,female
Fred Savage,/Guests/?1099,guest,male
Joanne Savage,/Guests/?1102,guest,female
Technotronic,/Guests/?1100,guest,unknown
Kala Savage,/Guests/?1103,guest,female
Rosie Perez,/Guests/?1101,guest,female
Quincy Jones,/Guests/?1086,guest,male
Tevin Campbell,/Guests/?1087,guest,male
Andrae Crouch,/Guests/?1088,guest,unknown
Sandra Crouch,/Guests/?1089,guest,female
Kool Moe Dee,/Guests/?1090,guest,unknown
Big Daddy Kane,/Guests/?1091,guest,unknown
Melle Mel,/Guests/?1092,guest,male
Quincy D III,/Guests/?1093,guest,male
Siedah Garrett,/Guests/?1094,guest,unknown
Al Jarreau,/Guests/?1095,guest,male
Take 6,/Guests/?1096,guest,male
Ed O'Neill,/Guests/?1081,guest,male
Maury Povich,/Guests/?1083,guest,male
Harry Connick Jr.,/Guests/?1082,guest,male
Marc Shaiman,/Crew/?MrSh,crew,male
Andie MacDowell,/Guests/?1078,guest,female
Tracy Chapman,/Guests/?1079,guest,female
Robert Wagner,/Guests/?1075,guest,male
Linda Ronstadt,/Guests/?1076,guest,female
Aaron Neville,/Guests/?1077,guest,male
K.D. Lang & The Reclines,/Guests/?1074,guest,unknown
Chris Evert,/Guests/?1069,guest,male
Eurythmics,/Guests/?1070,guest,unknown
James Woods,/Guests/?1067,guest,male
Kathleen Turner,/Guests/?1065,guest,female
Rick Moranis,/Guests/?1063,guest,male
Rickie Lee Jones,/Guests/?1064,guest,male
Steve Jordan,/Crew/?StJo,crew,male
Timothy Busfield,/Guests/?1058,guest,male
Paulina Porizkova,/Guests/?1059,guest,female
Wayne Gretzky,/Guests/?1053,guest,male
Janet Jones,/Guests/?1055,guest,female
Fine Young Cannibals,/Guests/?1054,guest,female
Geena Davis,/Guests/?1050,guest,female
John Mellencamp,/Guests/?1051,guest,male
Dolly Parton,/Guests/?1049,guest,female
Mel Gibson,/Guests/?1046,guest,female
Living Colour,/Guests/?1047,guest,unknown
Danny Glover,/Guests/?1048,guest,male
Mary Tyler Moore,/Guests/?1044,guest,female
John Bowman,/Crew/?JoBo,crew,male
William Hurt,/Guests/?1043,guest,male
The Gipsy Kings,/Guests/?1042,guest,female
Leslie Nielsen,/Guests/?1036,guest,male
Beverly Johnson,/Guests/?1039,guest,female
Cheryl Tiegs,/Guests/?1040,guest,female
Kim Alexis,/Guests/?1038,guest,female
Cowboy Junkies,/Guests/?1037,guest,unknown
Luther Vandross,/Guests/?1035,guest,male
Tony Danza,/Guests/?1031,guest,male
John Hiatt,/Guests/?1032,guest,male
The Goners,/Guests/?1033,guest,female
Anita Baker,/Guests/?1030,guest,female
Little Feat,/Guests/?1027,guest,unknown
Bobby McFerrin,/Guests/?1025,guest,male
The Bangles,/Guests/?1022,guest,female
John Lithgow,/Guests/?1019,guest,male
Johnny Clegg & Savuka,/Guests/?1016,guest,male
Matthew Modine,/Guests/?1012,guest,male
Morton Downey Jr.,/Guests/?1014,guest,male
John Larroquette,/Guests/?1009,guest,male
Randy Newman,/Guests/?1010,guest,male
Mark Knopfler,/Guests/?1011,guest,male
The Sugarcubes,/Guests/?1004,guest,female
Douglas McGrath,/Guests/?1005,guest,male
Fred Newman,/Guests/?1007,guest,male
Laurie Metcalf,/Cast/?LaMe,cast,female
Keith Richards,/Guests/?1000,guest,male
Judge Reinhold,/Guests/?997,guest,male
Randy Travis,/Guests/?996,guest,male
Justine Bateman,/Guests/?992,guest,female
Terrance Trent D'Arby,/Guests/?993,guest,male
BoDeans,/Guests/?990,guest,unknown
Maria McKee,/Guests/?991,guest,female
Leland Sklar,/Guests/?987,guest,male
Sen. Paul Simon,/Guests/?983,guest,unknown
The Mariachi Vargas de Tecalitlan,/Guests/?982,guest,female
Angie Dickinson,/Guests/?974,guest,female
Buster Poindexter,/Guests/?975,guest,male
The Banshees of Blue,/Guests/?977,guest,female
The Uptown Horns,/Guests/?979,guest,female
David Gilmour,/Guests/?976,guest,male
Bryan Ferry,/Guests/?972,guest,male
Rhea Perlman,/Guests/?973,guest,female
Sydney Biddle Barrows,/Guests/?969,guest,female
Robert Mitchum,/Guests/?963,guest,male
Simply Red,/Guests/?964,guest,unknown
Bentley Mitchum,/Guests/?966,guest,unknown
Jane Greer,/Guests/?965,guest,female
Ric Ocasek,,unknown,unknown
Elvira,/Guests/?962,guest,female
Dabney Coleman,/Guests/?960,guest,unknown
The Cars,/Guests/?961,guest,female
LL Cool J,/Guests/?958,guest,unknown
The Pull,/Guests/?959,guest,female
Branford Marsalis,/Guests/?955,guest,unknown
Bruce Babbitt,/Guests/?956,guest,male
Roy Orbison,/Guests/?952,guest,male
Garry Shandling,/Guests/?947,guest,male
Los Lobos,/Guests/?948,guest,unknown
Nell Campbell,/Guests/?949,guest,female
Tracey Ullman,/Guests/?950,guest,female
Mark Harmon,/Guests/?945,guest,male
Suzanne Vega,/Guests/?946,guest,female
Timbuk 3,/Guests/?944,guest,unknown
Al Camoin,/Crew/?AlCa,crew,male
Wynton Marsalis,/Guests/?929,guest,unknown
Bob Hurst,/Guests/?931,guest,male
Don Braden,/Guests/?930,guest,male
Jeff Watts,/Guests/?933,guest,male
Marcus Roberts,/Guests/?932,guest,male
Anne Meara,/Guests/?937,guest,female
Jerry Stiller,/Guests/?939,guest,male
John Mahoney,/Guests/?936,guest,male
Julie Hagerty,/Guests/?935,guest,female
Nina Tremblay,/Guests/?940,guest,female
Brian McConnachie,/Crew/?BiMc,crew,male
Percy Sledge,/Guests/?927,guest,male
Valerie Bertinelli,/Guests/?922,guest,female
Edwin Newman,/Guests/?924,guest,male
Eddie Van Halen,/Guests/?925,guest,male
The Robert Cray Band,/Guests/?923,guest,female
Bronson Pinchot,/Guests/?915,guest,male
Paul Young,/Guests/?916,guest,male
Bruce Hornsby & The Range,/Guests/?914,guest,male
Walter Payton,/Guests/?910,guest,male
Joe Montana,/Guests/?909,guest,male
Debbie Harry,/Guests/?911,guest,female
Chris Stein,/Guests/?912,guest,male
Kevin Meaney,/Guests/?906,guest,male
Lone Justice,/Guests/?905,guest,female
Griffin Dunne,/Guests/?908,guest,male
Steve Guttenberg,/Guests/?897,guest,male
Penn & Teller,/Guests/?899,guest,unknown
Eriq La Salle,/Guests/?901,guest,unknown
Fisher Stevens,/Guests/?903,guest,unknown
Eric Idle,/Guests/?896,guest,male
Art Garfunkel,/Guests/?890,guest,male
Ladysmith Black Mambazo,/Guests/?889,guest,unknown
Sam Kinison,/Guests/?884,guest,male
Seka,/Guests/?886,guest,female
Andy Breckman,/Crew/?AnBr,crew,male
Ron Darling,/Guests/?882,guest,male
Rosanna Arquette,/Guests/?880,guest,female
Bill Wegman,/Guests/?883,guest,male
Malcolm-Jamal Warner,/Guests/?874,guest,unknown
Rosie Schuster,/Crew/?RoSu,crew,female
Run DMC,/Guests/?875,guest,andy
Christopher Durang,/Guests/?870,guest,male
Mauricio Smith,/Crew/?MrSm,crew,male
Billy Martin,/Guests/?866,guest,male
Joan Cusack,/Cast/?JoCu,cast,female
Terry Sweeney,/Cast/?TeSw,cast,male
Danitra Vance,/Cast/?DaVa,cast,female
Anjelica Huston,/Guests/?865,guest,female
Anthony Michael Hall,/Cast/?AnMH,cast,male
George Clinton & The Parliament Funkadelic,/Guests/?867,guest,male
Thomas Dolby,/Guests/?868,guest,male
Carol Leifer,/Crew/?CaLe,crew,female
Marvelous Marvin Hagler,/Guests/?863,guest,unknown
Jimmy Breslin,/Guests/?860,guest,male
Level 42,/Guests/?861,guest,unknown
Bob Christianson,/Crew/?BoCh,crew,male
E.G. Daily,/Guests/?862,guest,unknown
Catherine Oxenberg,/Guests/?855,guest,female
Princess Elizabeth of Yugoslavia,/Guests/?859,guest,female
Laurie Anderson,/Guests/?853,guest,female
Oprah Winfrey,/Guests/?850,guest,female
Joe Jackson,/Guests/?851,guest,male
John Swartzwelder,/Crew/?JoSw,crew,male
Francis Ford Coppola,/Guests/?847,guest,male
Philip Glass,/Guests/?848,guest,male
Rosanne Cash,/Guests/?844,guest,female
Mike The Dog,/Guests/?842,guest,male
Jerry Hall,/Guests/?834,guest,male
Stevie Ray Vaughan,/Guests/?835,guest,male
Double Trouble,/Guests/?836,guest,unknown
Jimmie Vaughan,/Guests/?839,guest,male
Ron Reagan,/Guests/?831,guest,male
Dan Vitale,/Cast/?DaVi,cast,male
The Nelsons,/Guests/?832,guest,female
Dudley Moore,/Guests/?829,guest,male
Al Green,/Guests/?830,guest,male
Harry Dean Stanton,/Guests/?826,guest,male
The Replacements,/Guests/?827,guest,female
Teri Garr,/Guests/?821,guest,female
Dream Academy,/Guests/?822,guest,unknown
The Cult,/Guests/?823,guest,female
Steven Wright,/Guests/?820,guest,male
Mr. Mister,/Guests/?815,guest,male
Rex Robbins,/Guests/?817,guest,male
Queen Ida,/Guests/?813,guest,female
Sheila E.,/Guests/?811,guest,female
Brandon Tartikoff,/Guests/?808,guest,male
Simple Minds,/Guests/?806,guest,unknown
Christopher Guest,/Cast/?ChGu,cast,male
Howard Cosell,/Guests/?803,guest,male
Gary Kroeger,/Cast/?GaKr,cast,male
Mary Gross,/Cast/?MaGr,cast,female
Pamela Stephenson,/Cast/?PaSt,cast,female
Rich Hall,/Cast/?RiHa,cast,male
Kevin Kelton,/Crew/?KeKe,crew,male
Frederick Koehler,/Crew/?FrKo,crew,male
Greg Kihn,/Guests/?804,guest,male
Rob Riley,/Crew/?RbRi,crew,male
Christopher Reeve,/Guests/?799,guest,male
Calvert DeForest,/Guests/?802,guest,unknown
Santana,/Guests/?800,guest,female
Anne Beatts,/Crew/?AnBe,crew,female
Mr. T,/Guests/?792,guest,male
Hulk Hogan,/Guests/?793,guest,male
Steve Landesberg,/Guests/?795,guest,male
Liberace,/Guests/?796,guest,male
The Commodores,/Guests/?794,guest,female
Bob Orton,/Guests/?797,guest,male
Rowdy Roddy Piper,/Guests/?798,guest,male
Pamela Sue Martin,/Guests/?781,guest,female
Ann-Margret,/Guests/?783,guest,female
Lynn Swann,/Guests/?787,guest,female
Morgan Fairchild,/Guests/?784,guest,female
Dick Ebersol,/Crew/?DiEb,crew,male
Andrew Smith,/Crew/?AnSm,crew,male
Power Station,/Guests/?782,guest,unknown
Harry Anderson,/Guests/?774,guest,male
Waylon Jennings,/Guests/?779,guest,male
Johnny Cash,/Guests/?777,guest,male
June Carter Cash,/Guests/?778,guest,female
Bryan Adams,/Guests/?775,guest,male
Carol Burnett,/Guests/?776,guest,female
Alex Karras,/Guests/?772,guest,male
Roy Scheider,/Guests/?769,guest,male
Billy Ocean,/Guests/?770,guest,male
Harry Shearer,/Cast/?HaSh,cast,male
John Waite,/Guests/?768,guest,male
Clint Smith,/Crew/?ClSm,crew,male
Robert Plant & The Honeydrippers,/Guests/?766,guest,male
Ronnie Cuber,/Crew/?RoCu,crew,male
Tom Malone,/Crew/?ToMa,crew,male
Georg Wadenius,/Crew/?GeWa,crew,male
Buddy Williams,/Crew/?BuWi,crew,male
Alan Zweibel,/Cast/?AlZw,cast,male
Willie Day,/Crew/?WiDa,crew,male
Ringo Starr,/Guests/?761,guest,male
James Pickens Jr.,/Guests/?764,guest,male
Herbie Hancock,/Guests/?762,guest,unknown
Barbara Bach,/Guests/?763,guest,female
Ed Begley Jr.,/Guests/?759,guest,male
Billy Squier,/Guests/?760,guest,male
Lee Mayman,/Crew/?LeMa,crew,male
Ed Asner,/Guests/?757,guest,male
The Kinks,/Guests/?758,guest,female
George Carlin,/Guests/?755,guest,male
Nate Herman,/Crew/?NaHe,crew,female
Frankie Goes To Hollywood,/Guests/?756,guest,andy
Bobby Fraraccio,/Crew/?BoFr,crew,male
Chaka Khan,/Guests/?753,guest,female
Yvonne Hudson,/Cast/?YvHu,cast,female
Heino Ripp,/Crew/?HeRi,crew,male
Wintley Phipps,/Guests/?751,guest,unknown
Bob Uecker,/Guests/?739,guest,male
Dave Winfield,/Guests/?748,guest,male
Yogi Berra,/Guests/?747,guest,male
Peter Wolf,/Guests/?740,guest,male
Elliot Easton,/Guests/?741,guest,male
"Gordon ""Megabucks"" Worthy",/Guests/?746,guest,male
Leon Mobley,/Guests/?743,guest,male
Maurice Starr,/Guests/?745,guest,male
"Michael ""Spaceman"" Jonzun",/Guests/?742,guest,male
Thommy Price,/Guests/?744,guest,male
Reginald VelJohnson,/Guests/?738,guest,male
Rob Reiner,/Guests/?737,guest,male
The Thompson Twins,/Guests/?735,guest,female
Jamie Lee Curtis,/Guests/?736,guest,female
Joe Piscopo,/Cast/?JoPi,cast,male
Ed Koch,/Guests/?728,guest,male
Father Guido Sarducci,/Guests/?730,guest,unknown
Betty Thomas,/Guests/?731,guest,female
Brad Hall,/Cast/?BrHa,cast,male
Tim Kazurinsky,/Cast/?TiKa,cast,male
Robin Duke,/Cast/?RoDu,cast,female
Timothy Hutton,/Guests/?734,guest,male
Joel Hodgson,/Guests/?733,guest,male
Barry Bostwick,/Guests/?722,guest,male
Spinal Tap,/Guests/?723,guest,unknown
Soupy Sales,/Guests/?726,guest,unknown
George McGovern,/Guests/?717,guest,male
Clara Peller,/Guests/?721,guest,female
Frankie Pace,/Guests/?720,guest,andy
Madness,/Guests/?718,guest,unknown
Eleanor McGovern,/Guests/?719,guest,female
Michael Douglas,/Guests/?715,guest,male
Deniece Williams,/Guests/?716,guest,female
Al Siegal,/Crew/?AlSi,crew,male
Kool & The Gang,/Guests/?709,guest,unknown
The Fixx,/Guests/?705,guest,female
Adam Ant,/Guests/?702,guest,male
Paula Poundstone,/Guests/?703,guest,female
Don Rickles,/Guests/?695,guest,male
John Madden,/Guests/?698,guest,male
Stevie Wonder,/Guests/?700,guest,male
Dr. Joyce Brothers,/Guests/?697,guest,unknown
Billy Idol,/Guests/?696,guest,male
Mary Palin,/Guests/?693,guest,female
The Motels,/Guests/?694,guest,female
Huey Lewis & The News,/Guests/?690,guest,male
Flip Wilson,/Guests/?686,guest,male
Stevie Nicks,/Guests/?687,guest,female
Tom Smothers,/Guests/?680,guest,male
Dick Smothers,/Guests/?681,guest,male
Ron Luciano,/Guests/?684,guest,male
Tom Seaver,/Guests/?685,guest,male
Big Country,/Guests/?682,guest,unknown
Larry Holmes,/Guests/?683,guest,male
Jerry Lewis,/Guests/?677,guest,male
Loverboy,/Guests/?678,guest,unknown
Mick Fleetwood's Zoo,/Guests/?675,guest,male
Stray Cats,/Guests/?672,guest,unknown
14 Karat Soul,/Guests/?673,guest,unknown
John Candy,/Guests/?669,guest,male
Men At Work,/Guests/?670,guest,male
Jackson Beck,,unknown,male
Eddy Grant,/Guests/?667,guest,male
Dick Cavett,/Guests/?668,guest,male
John Cougar,/Guests/?662,guest,male
Gene Siskel,/Guests/?664,guest,male
Roger Ebert,/Guests/?663,guest,male
Kevin Rowland & Dexy's Midnight Runners,/Guests/?656,guest,male
Don King,/Guests/?658,guest,male
Leslie Pollack,/Guests/?659,guest,female
Michael Davis,/Guests/?653,guest,male
Greg Dean,/Guests/?654,guest,male
Susan Saint James,/Guests/?647,guest,female
Michael McDonald,/Guests/?648,guest,male
Edgar Winter,/Guests/?650,guest,male
Joan Rivers,/Guests/?644,guest,female
David Susskind,/Guests/?646,guest,male
Musical Youth,/Guests/?645,guest,unknown
Robert Guillaume,/Guests/?642,guest,male
Duran Duran,/Guests/?643,guest,male
Bruce Dern,/Guests/?640,guest,male
Leon Redbone,/Guests/?641,guest,male
Beau Bridges,/Guests/?634,guest,male
Lloyd Bridges,/Guests/?638,guest,male
Laurie Zaks,/Crew/?LaZa,crew,female
Howard Hesseman,/Guests/?637,guest,male
Milan Melvin,/Guests/?633,guest,male
Sid Caesar,/Guests/?627,guest,male
Joe Cocker,/Guests/?628,guest,male
Jennifer Warnes,/Guests/?629,guest,female
Dave Thomas,/Guests/?625,guest,male
The Bus Boys,/Guests/?626,guest,female
Andy Kaufman,/Guests/?622,guest,male
Barry Mitchell,/Guests/?623,guest,male
Lionel Richie,/Guests/?615,guest,male
Lawrence K. Grossman,/Guests/?613,guest,male
Laura Branigan,/Guests/?612,guest,female
Squeeze,/Guests/?608,guest,unknown
Robert Blake,/Guests/?603,guest,male
Merv Griffin,/Guests/?605,guest,male
Kenny Loggins,/Guests/?604,guest,male
The New Joe Jackson Band,/Guests/?601,guest,female
Bill Irwin,/Guests/?597,guest,male
Ron Howard,/Guests/?590,guest,male
Andy Griffith,/Guests/?593,guest,male
Rex Reed,/Guests/?594,guest,male
The Clash,/Guests/?591,guest,female
Louis Gossett Jr.,/Guests/?587,guest,male
George Thorogood & The Destroyers,/Guests/?588,guest,male
Eliot Wald,/Crew/?ElWa,crew,male
John Zacherle,/Guests/?586,guest,male
Queen,/Guests/?582,guest,female
Olivia Newton-John,/Guests/?578,guest,female
Christine Ebersole,/Cast/?ChEb,cast,female
Tony Rosato,/Cast/?ToRo,cast,male
Graham Chapman,/Guests/?580,guest,male
Brian Doyle-Murray,/Cast/?BrDM,cast,male
Liz Welch,/Crew/?LiWe,crew,female
Christopher Lloyd,/Guests/?573,guest,male
Judd Hirsch,/Guests/?574,guest,male
Marilu Henner,/Guests/?575,guest,female
Neil Levy,/Crew/?NeLe,crew,male
Ron Mael,,unknown,male
Sparks,/Guests/?570,guest,unknown
Jerry Lawler,/Guests/?577,guest,male
Julia DeVito,/Guests/?572,guest,female
Robert Culp,/Guests/?567,guest,male
The Charlie Daniels Band,/Guests/?568,guest,female
Barry W. Blaustein,/Crew/?BaBl,crew,male
Nelson Lyon,/Crew/?NeLy,crew,male
Daniel J. Travanti,/Guests/?560,guest,male
Bruce Weitz,/Guests/?564,guest,male
Blythe Danner,/Guests/?557,guest,female
Robert Urich,/Guests/?555,guest,male
Mink De Ville,/Guests/?556,guest,unknown
Elizabeth Ashley,/Guests/?550,guest,female
Daryl Hall,/Guests/?551,guest,male
John Oates,/Guests/?552,guest,male
Joseph Papp,/Guests/?554,guest,male
James Coburn,/Guests/?544,guest,male
The Cholos,/Guests/?546,guest,female
Marc Weiner,/Guests/?547,guest,male
Marv Throneberry,/Guests/?541,guest,male
Jennifer Holliday,/Guests/?539,guest,female
Bob Zmuda,/Guests/?542,guest,male
Brent Musburger,/Guests/?543,guest,male
Robert Conrad,/Guests/?536,guest,male
The Allman Brothers Band,/Guests/?537,guest,female
Mark O'Donnell,/Crew/?MaOD,crew,male
The Spinners,/Guests/?532,guest,female
The Yale Whiffenpoofs,/Guests/?534,guest,female
Tim Curry,/Guests/?527,guest,male
Frank Nelson,/Guests/?530,guest,male
Bryant Gumbel,/Guests/?529,guest,male
Meat Loaf,/Guests/?528,guest,unknown
Bernadette Peters,/Guests/?523,guest,female
David Sheffield,/Crew/?DaSh,crew,male
The Go-Go's,/Guests/?524,guest,female
Lauren Hutton,/Guests/?519,guest,female
Rick James,/Guests/?520,guest,male
Stone City Band,/Guests/?522,guest,male
William Burroughs,/Guests/?521,guest,male
Emily Prager,/Cast/?EmPr,cast,female
Donald Pleasence,/Guests/?514,guest,male
John Belushi,/Cast/?JoBe,cast,male
Fear,/Guests/?515,guest,unknown
Andy Warhol,/Guests/?518,guest,male
George Kennedy,/Guests/?507,guest,male
Pete Fatovich,/Crew/?PeFa,crew,male
Miles Davis,/Guests/?508,guest,male
Marcus Miller,/Crew/?MaMi,crew,male
Michael O'Donoghue,/Cast/?MiOD,cast,male
Denny Dillon,/Cast/?DeDi,cast,male
Gail Matthius,/Cast/?GaMa,cast,female
Jr. Walker & The All Stars,/Guests/?495,guest,unknown
Ann Risley,/Cast/?AnRi,cast,female
Charles Rocket,/Cast/?CaRo,cast,male
Matthew Laurance,/Cast/?MaLa,cast,male
Delbert McClinton,/Guests/?492,guest,male
Bonnie Bramlett,/Guests/?493,guest,female
Mark King,/Guests/?494,guest,male
Karen Roston,/Crew/?KaRo,crew,female
Patrick Weathers,/Cast/?PaWe,cast,male
Charlene Tilton,/Guests/?486,guest,female
Todd Rundgren,/Guests/?487,guest,male
Deborah Harry,/Guests/?480,guest,female
Clem Burke,/Guests/?482,guest,male
Funky 4 + 1 More,/Guests/?481,guest,unknown
Sally Kellerman,/Guests/?476,guest,female
Jimmy Cliff,/Guests/?477,guest,male
Jim Fowler,/Guests/?478,guest,male
Robert Hays,/Guests/?471,guest,male
Michael Nesmith,/Guests/?475,guest,male
Harry Osborne,/Guests/?474,guest,male
"Joe ""King"" Carrasco & The Crowns",/Guests/?472,guest,male
Karen Black,/Guests/?468,guest,female
Cheap Trick,/Guests/?469,guest,unknown
Stanley Clarke Trio,/Guests/?470,guest,male
Ray Sharkey,/Guests/?466,guest,male
Elliott Randall,/Crew/?ElRa,crew,male
Jack Bruce & Friends,/Guests/?467,guest,male
David Carradine,/Guests/?460,guest,male
George Rose,/Guests/?462,guest,male
Rex Smith,/Guests/?463,guest,male
"The cast of ""The Pirates of Penzance""",/Guests/?464,guest,female
Mitchell Kriegman,/Crew/?MiKr,crew,male
Mitchell Laurance,/Crew/?MiLa,crew,male
James Brown,/Guests/?456,guest,male
William Duff-Griffin,/Guests/?459,guest,male
Ellen Shipley,/Guests/?457,guest,female
Ellen Burstyn,/Guests/?451,guest,female
David Sanborn,/Crew/?DaSa,crew,male
Keith Sykes,/Guests/?453,guest,male
Malcolm McDowell,/Guests/?449,guest,male
Captain Beefheart & The Magic Band,/Guests/?450,guest,unknown
Kid Creole & The Coconuts,/Guests/?448,guest,unknown
Buck Henry,/Guests/?443,guest,male
Matt Neuman,/Crew/?MaNe,crew,male
Walter Williams,/Crew/?WaWi,crew,male
Peter Aykroyd,/Cast/?PeAy,cast,male
Jane Curtin,/Cast/?JaCu,cast,female
Tom Gammill,/Crew/?ToGa,crew,male
Laraine Newman,/Cast/?LaNe,cast,female
Sarah Paley,/Crew/?SaPa,crew,female
Max Pross,/Crew/?MaPr,crew,male
Gilda Radner,/Cast/?GiRa,cast,female
Andrew Gold,/Guests/?444,guest,male
Richard Belzer,/Crew/?RiBe,crew,male
Nil Nichols,/Crew/?NiNi,crew,female
The Voices Of Unity,/Guests/?446,guest,female
3-D,/Guests/?442,guest,unknown
Howard Johnson,/Crew/?HwJo,crew,male
Howard Shore,/Crew/?HwSh,crew,male
The Amazing Rhythm Aces,/Guests/?437,guest,female
Bruce Cockburn,/Guests/?438,guest,male
Strother Martin,/Guests/?434,guest,unknown
The Specials,/Guests/?435,guest,female
Burt Reynolds,/Guests/?432,guest,male
Anne Murray,/Guests/?433,guest,female
Paula Prentiss,/Guests/?430,guest,female
Richard Benjamin,/Guests/?429,guest,male
The Grateful Dead,/Guests/?431,guest,female
Carrie Fisher,/Guests/?423,guest,female
Sen. Daniel P. Moynihan,/Guests/?425,guest,unknown
Franne Lee,/Crew/?FrLe,crew,unknown
The J. Geils Band,/Guests/?415,guest,female
Jerry Mathers,/Guests/?417,guest,male
Tony Dow,/Guests/?416,guest,male
Kirk Douglas,/Guests/?409,guest,male
Lucie Lancaster,/Guests/?411,guest,female
Sam & Dave,/Guests/?410,guest,male
Jack Garner,/Guests/?412,guest,male
Joan Hackett,/Guests/?413,guest,female
Gary Numan,/Guests/?408,guest,male
Bert Convy,/Guests/?406,guest,male
Tom Scott,/Guests/?405,guest,male
John B. Anderson,/Guests/?402,guest,male
Ted Knight,/Guests/?393,guest,male
Desmond Child & Rouge,/Guests/?394,guest,male
Buddy Rogers,/Guests/?397,guest,male
Diana Peckham,/Guests/?396,guest,female
Doc Zorthian,/Guests/?392,guest,andy
Bea Arthur,/Guests/?385,guest,female
The Roches,/Guests/?386,guest,female
Bill Russell,/Guests/?380,guest,male
Ed Herlihy,/Guests/?382,guest,male
Chicago,/Guests/?381,guest,unknown
Bob Dylan,/Guests/?375,guest,male
Fred Tackett,/Guests/?378,guest,male
Blondie,/Guests/?372,guest,unknown
Bette Midler,/Guests/?369,guest,female
Will Lee,/Crew/?WiLe,crew,male
Maureen Stapleton,/Guests/?364,guest,female
The Section,/Guests/?363,guest,female
Russ Kunkel,,unknown,male
Milton Berle,/Guests/?355,guest,male
Craig Nettles,/Guests/?359,guest,male
Ornette Coleman,/Guests/?356,guest,unknown
Prime Time,/Guests/?357,guest,unknown
Buddy Freed,/Guests/?358,guest,male
Marvin Goldhar,/Guests/?351,guest,male
Nelson Briles,/Guests/?352,guest,male
Steve Henderson,/Guests/?353,guest,male
Ed Kranepool,/Guests/?354,guest,male
Margot Kidder,/Guests/?346,guest,female
The Chieftans,/Guests/?347,guest,female
Gary Busey,/Guests/?341,guest,male
Eubie Blake,/Guests/?342,guest,unknown
Gregory Hines,/Guests/?343,guest,male
Bob Cranshaw,/Crew/?BoCr,crew,male
Bert Jones,/Crew/?BeJo,crew,male
Paul Butterfield,/Guests/?345,guest,male
Rick Danko,/Guests/?344,guest,male
Kate Jackson,/Guests/?338,guest,female
Rick Nelson,/Guests/?336,guest,male
Judy Collins,/Guests/?337,guest,female
Cicely Tyson,/Guests/?334,guest,female
Talking Heads,/Guests/?335,guest,unknown
The Doobie Brothers,/Guests/?333,guest,female
Peter Tosh,/Guests/?329,guest,male
Bob & Ray,/Guests/?330,guest,male
Kate Bush,/Guests/?327,guest,female
Walter Matthau,/Guests/?324,guest,male
George Coe,/Cast/?GeCo,cast,male
Charlie Matthau,/Guests/?325,guest,male
Bill Kreutzmann,,unknown,male
Van Morrison,/Guests/?318,guest,male
Frank Zappa,/Guests/?316,guest,male
Devo,/Guests/?315,guest,unknown
Sun Ra,/Guests/?307,guest,andy
Richard Dreyfuss,/Guests/?303,guest,male
Jimmy Buffett,/Guests/?304,guest,male
Gary Tigerman,/Guests/?305,guest,male
Toni Basil,,unknown,female
Michael Sarrazin,/Guests/?298,guest,male
Keith Jarrett,/Guests/?299,guest,male
Gravity,/Guests/?300,guest,unknown
Eugene Record,/Guests/?297,guest,male
Christopher Lee,/Guests/?291,guest,male
Stacy Keach,/Guests/?295,guest,female
Rick Overton,/Guests/?294,guest,male
Cheetah Chrome,/Guests/?293,guest,unknown
Jill Clayburgh,/Guests/?289,guest,female
Eddie Money,/Guests/?290,guest,male
Stephen Bishop,/Guests/?287,guest,male
O.J. Simpson,/Guests/?284,guest,male
Ashford & Simpson,/Guests/?285,guest,unknown
Robert Klein,/Guests/?279,guest,male
The Dirt Band,/Guests/?276,guest,female
Miskel Spillman,/Guests/?270,guest,unknown
Joe Franken (I),/Guests/?272,guest,male
Phoebe Franken,/Guests/?273,guest,female
Mary Kay Place,/Guests/?267,guest,female
Connie Crawford,/Guests/?262,guest,female
David Lewis,/Guests/?264,guest,male
Deb Blair,/Guests/?261,guest,female
Richard Kneip,/Guests/?263,guest,male
The Original Sloth Band,/Guests/?265,guest,female
Ray Charles,/Guests/?250,guest,male
"David ""Fathead"" Newman",/Guests/?257,guest,male
Hank Crawford,/Guests/?254,guest,male
Leroy Cooper,/Guests/?253,guest,male
Marcus Belgrave,/Guests/?252,guest,male
Phillip Guilbeau,/Guests/?255,guest,male
The Raelettes,/Guests/?258,guest,female
Franklyn Ajaye,/Guests/?251,guest,male
Charles Grodin,/Guests/?245,guest,male
The Persuasions,/Guests/?247,guest,female
Toots Thielemans,/Guests/?249,guest,unknown
Hugh Hefner,/Guests/?242,guest,male
Libby Titus,/Guests/?243,guest,female
Taj Mahal,/Guests/?240,guest,unknown
Jackson Browne,/Guests/?236,guest,male
David Lindley,/Guests/?238,guest,male
Edie Baskin,/Crew/?EdBa,crew,female
Kenny Vance,/Guests/?232,guest,male
David Lasley,/Crew/?DaLa,crew,male
Dahaud Elias Shaar,/Crew/?DESh,crew,unknown
Bella Abzug,/Guests/?233,guest,female
Shelley Duvall,/Guests/?227,guest,female
Joan Armatrading,/Guests/?228,guest,female
Spalding Gray,,unknown,unknown
Jeanette Charles,/Guests/?226,guest,female
Alan Price,/Guests/?224,guest,male
Neil Innes,/Guests/?225,guest,male
Gary Weis,/Crew/?GaWe,crew,male
The McGarrigle Sisters,/Guests/?220,guest,female
Roslyn Kind,/Guests/?221,guest,female
Jacqueline Carlin,/Crew/?JaCa,crew,female
Julian Bond,/Guests/?215,guest,male
Tom Waits,/Guests/?216,guest,male
Brick,/Guests/?217,guest,unknown
Patti Smith,/Guests/?218,guest,female
Jack Burns,/Guests/?213,guest,male
Broderick Crawford,/Guests/?207,guest,male
Dr. John,/Guests/?209,guest,unknown
Levon Helm,/Guests/?210,guest,male
The Meters,/Guests/?208,guest,female
Sissy Spacek,/Guests/?205,guest,female
Richard Baskin,/Guests/?206,guest,male
Buster Holmes,/Guests/?204,guest,male
Fran Tarkenton,/Guests/?190,guest,male
Leo Sayer,/Guests/?191,guest,male
Donny Harper & The Voices Of Tomorrow,/Guests/?192,guest,male
Bob Dryden,/Guests/?189,guest,male
Ruth Gordon,/Guests/?186,guest,female
Chuck Berry,/Guests/?187,guest,male
Ricky Jay,/Guests/?188,guest,male
George Benson,/Guests/?183,guest,male
Andrew Duncan,/Guests/?185,guest,male
Diana Nyad,/Guests/?181,guest,female
Jodie Foster,/Guests/?176,guest,female
Brian Wilson,/Guests/?177,guest,male
George Harrison,/Guests/?168,guest,male
Olivia Harrison,/Guests/?170,guest,female
Jim Keltner,/Guests/?173,guest,male
Ron Wood,/Guests/?175,guest,male
Ry Cooder,/Guests/?163,guest,unknown
Flaco Jimenez,/Guests/?164,guest,unknown
Bruce McCall,/Crew/?BuMc,crew,male
The Band,/Guests/?161,guest,female
Kinky Friedman,/Guests/?158,guest,unknown
John Prine,/Guests/?155,guest,male
George Schultz,/Guests/?156,guest,male
Garry Trudeau,/Guests/?152,guest,male
Stuff,/Guests/?151,guest,unknown
Norman Lear,/Guests/?137,guest,male
Caroll O'Connor,/Guests/?144,guest,unknown
Isabel Sanford,/Guests/?146,guest,female
Jean Stapleton,/Guests/?147,guest,male
Nancy Walker,/Guests/?148,guest,female
Richard Crenna,/Guests/?142,guest,male
Sherman Helmsley,/Guests/?143,guest,male
Boz Scaggs,/Guests/?138,guest,unknown
Kate Lear,/Guests/?140,guest,female
Taylor Mead,/Guests/?136,guest,male
Kris Kristofferson,/Guests/?129,guest,male
Rita Coolidge,/Guests/?130,guest,female
Louise Lasser,/Guests/?126,guest,female
The Preservation Hall Jazz Band,/Guests/?127,guest,female
Wendell Craig,/Guests/?124,guest,male
Doris Powell,/Crew/?DoPo,crew,female
Charlie Lowe,/Guests/?125,guest,male
Jonathan Dorn,/Guests/?123,guest,male
Harlan Collins,/Guests/?121,guest,male
Joyce Everson,/Guests/?122,guest,female
Gordon Lightfoot,/Guests/?118,guest,male
Dyan Cannon,/Guests/?114,guest,female
Leon & Mary Russell,/Guests/?115,guest,male
Carly Simon,/Guests/?112,guest,female
Raquel Welch,/Guests/?107,guest,female
Phoebe Snow,/Guests/?108,guest,female
John Sebastian,/Guests/?109,guest,male
President Gerald Ford,/Guests/?105,guest,unknown
Ron Nessen,/Guests/?102,guest,male
Patti Smith Group,/Guests/?103,guest,female
Jerry Rubin,/Guests/?106,guest,male
Anthony Perkins,/Guests/?95,guest,male
Betty Carter,/Guests/?96,guest,female
Chuck Scarborough,/Guests/?99,guest,male
The Singing Idlers,/Guests/?92,guest,female
Desi Arnaz,/Guests/?86,guest,male
Desi Arnaz Jr.,/Guests/?87,guest,male
Jenny Shapiro,,unknown,female
The Shapiro Sisters,/Guests/?84,guest,female
Marshall Efron,/Guests/?80,guest,male
Al Alen Petersen,/Guests/?81,guest,male
Peter Cook,/Guests/?73,guest,male
Neil Sedaka,/Guests/?75,guest,male
Abbie Hoffman,/Guests/?77,guest,female
Bill Withers,/Guests/?70,guest,male
Paula Kahn,/Guests/?64,guest,female
Albert Brooks,/Guests/?65,guest,male
Clifford Einstein,/Guests/?67,guest,male
James L. Brooks,/Guests/?66,guest,male
Julie Payne,/Guests/?68,guest,female
Martha Reeves,/Guests/?57,guest,female
The Stylistics,/Guests/?58,guest,female
Margaret Kuhn,/Guests/?59,guest,female
Richard Pryor,/Guests/?48,guest,male
Gil Scott-Heron,/Guests/?49,guest,male
Annazette Chase,/Guests/?50,guest,unknown
Kathrine McKee,/Guests/?54,guest,female
Thalmus Rasulala,/Guests/?52,guest,unknown
Shelley Pryor,/Guests/?51,guest,female
Abba,/Guests/?41,guest,unknown
Loudon Wainwright III,/Guests/?42,guest,unknown
Esther Phillips,/Guests/?33,guest,female
Kay Lenz,/Guests/?39,guest,male
Rene Auberjonois,/Guests/?36,guest,male
The Lockers,/Guests/?27,guest,female
Mark Hampton,/Guests/?25,guest,male
Jesse Dixon Singers,/Guests/?16,guest,male
Connie Hawkins,/Guests/?21,guest,female
Billy Preston,/Guests/?3,guest,male
Janis Ian,/Guests/?2,guest,female
Valri Bromfield,/Guests/?5,guest,unknown
